Event id;Date;Year;Description;Location;Source;Source URL;Data set;Del Grande ID;Dead and missing;crossing-to;crossing-from;death-in;lng;lat;route;Cause of death
1350;04/01/2000 01:00;2000;Landing in Vieste (Foggia), 1 young man bangs his head on the way down from the hull and dies (Jan 4, 2000);foggia;Ansa;http://dea.ansa.it/;Del grande;284;1;;;Italy;15.54463;41.462198;;
1348;06/01/2000 01:00;2000;Found in Tarifa the bodies of 8 young people drowned in a shipwreck (Jan 6, 2000);tarifa;El Pais;http://www.elpais.com/articulo/espana/ESPAnA/Recuperado/cadaver/magrebi/ahogado/aguas/Tarifa/elpepiesp/20000106elpepinac_23/Tes;Del grande;286;8;;;Spain;-5.600819;36.018776;Western Mediteranean route;
1347;06/01/2000 01:00;2000;Landing in Lecce, who died a young man who had slammed his head violently against the hull during the trip (Jan 6, 2000);lecce;Ansa;http://dea.ansa.it/;Del grande;287;1;;;Italy;18.175016;40.351516;Apulia & Calbria;
1346;07/01/2000 01:00;2000;Flips a truck they were traveling hidden 80 people, Komotini near the border with Turkey, 6 dead and 30 injured (Jan 7, 2000);komotini;Ansa;http://dea.ansa.it/;Del grande;288;6;;;Greece;25.406558;41.122439;Eastern Mediteranean route Land;
1341;16/02/2000 01:00;2000;Recovered the bodies of two drowned along the coast of Lecce (Feb 16, 2000);lecce;Ansa;http://dea.ansa.it/;Del grande;293;2;;;Italy;18.175016;40.351516;Apulia & Calbria;
1340;06/03/2000 01:00;2000;Tucked away on a ship that was entering the port of Bari a man diving into the sea and drowns (Mar 6, 2000);bari;Ansa;http://dea.ansa.it/;Del grande;294;1;;;Italy;16.871871;41.117143;Apulia & Calbria;
1339;08/03/2000 01:00;2000;Found the body of a man who drowned trying to cross the Oder River on the border between Poland and Germany in Frankfurt (Mar 8, 2000);frankfurt;Ministero interni tedesco;http://www.bmi.bund.de/;Del grande;295;1;;;Germany;8.682127;50.110922;;
1338;11/03/2000 01:00;2000;It overturns a boat load of immigrants into the Danube River, on the border between Slovakia and Austria, 4 dead (Mar 11, 2000);slovakia;Irr;https://www.irr.org.uk/cgi-bin/news/open.pl?id=626;Del grande;296;4;;;Austria;19.699024;48.669026;;
1334;04/04/2000 02:00;2000;Rescued off the coast of Almeria 5 guys adrift on a raft. One of them dies before reaching the port of Carboneras (Apr 4, 2000);carboneras;El Pais;http://www.elpais.com/articulo/espana/ESPAnA/ESPAnA/MARRUECOS/magrebi/muere/pasar/varios/dias/deriva/patera/elpepiesp/20000404elpepinac_28/Tes;Del grande;300;1;;;Spain;-1.892141;36.999117;Western Mediteranean route;
1331;14/04/2000 02:00;2000;Hidden in the hold of a freighter Moroccan, 2 men fall into the sea between the docks of Genoa, 1 dead (Apr 14, 2000);genoa;Ansa;http://dea.ansa.it/;Del grande;303;1;;;Italy;8.946256;44.40565;;
1330;15/04/2000 02:00;2000;2 found dead young hidden in a truck directly in Spain just landed in the port of Almeria (Apr 15, 2000);almeria;El Pais;http://www.elpais.com/articulo/espana/Hallados/muertos/inmigrantes/camion/puerto/Almeria/elpepiesp/20000415elpepinac_16/Tes;Del grande;304;2;;;Spain;-2.463714;36.834047;Western Mediteranean route;
1328;19/04/2000 02:00;2000;Landing along the coasts of Lecce, 1 dead (Apr 19, 2000);lecce;Ansa;http://dea.ansa.it/;Del grande;306;1;;;Italy;18.175016;40.351516;Apulia & Calbria;
1327;20/04/2000 02:00;2000;Found in Lanzarote the corpse of a drowned woman during the landing of the first day (Apr 20, 2000);lanzarote;El Pais;http://www.elpais.com/articulo/espana/ESPAnA/Hallado/cadaver/subsahariana/desaparecida/aguas/Lanzarote/elpepiesp/20000420elpepinac_8/Tes;Del grande;307;1;;;Spain;-13.589973;29.046854;Western African route;
1325;24/04/2000 02:00;2000;He died at the hospital in Lecce Man seriously injured after being thrown overboard by traffickers in the land along the coasts of Lecce on April 19 (Apr 24, 2000);lecce;Ansa;http://dea.ansa.it/;Del grande;309;1;;;Italy;18.175016;40.351516;Apulia & Calbria;
1323;01/05/2000 02:00;2000;Shipwreck in the stormy waters of the Strait of Gibraltar. One survivor, 1 body recovered and 20 missing (May 1, 2000);gibraltar;El Pais;http://www.elpais.com/articulo/espana/ESPAnA/Busqueda/infructuosa/inmigrantes/naufragio/Estrecho/elpepiesp/20000501elpepinac_5/Tes;Del grande;311;21;;;Spain;-5.353585;36.140751;Western Mediteranean route;
1322;01/05/2000 02:00;2000;Found on the sides of a street in Cadiz the corpse of a migrant died under the wheels of the truck in which he was traveling hidden (May 1, 2000);cadiz;El Pais;http://www.elpais.com/articulo/espana/ESPAnA/Hallado/cadaver/papeles/atropellado/Cadiz/elpepiesp/20000501elpepinac_4/Tes;Del grande;312;1;;;Spain;-6.288596;36.527061;Western Mediteranean route;
1321;02/05/2000 02:00;2000;Found the body of a man who drowned trying to cross the river Neisse border between Poland and Germany, to Porajov (May 2, 2000);neisse;Ministero interni tedesco;http://www.bmi.bund.de/;Del grande;313;1;;;Germany;17.329586;50.482286;;
1319;05/05/2000 02:00;2000;A boat heading to the Canary Islands in the waters of Laayoun capsizes, 12 dead (May 5, 2000);laayoun;El Pais;http://www.elpais.com/articulo/espana/ESPAnA/docena/ahogados/naufragar/barca/frente/costas/Sahara/elpepiesp/20000505elpepinac_16/Tes;Del grande;315;12;;;Sahara;-13.203333;27.153611;Western African route;
1318;07/05/2000 02:00;2000;Found the body of a man who drowned trying to cross the Oder River on the border between Poland and Germany, in Kienitz (May 7, 2000);kienitz;Ministero interni tedesco;http://www.bmi.bund.de/;Del grande;316;1;;;Germany;14.361496;52.643661;;
1317;08/05/2000 02:00;2000;A dead man in a minefield along the Evros River, the border between Turkey and Greece, while crossing the border on foot (May 8, 2000);evros;Athen News;http://www.icbl.org/lm/2000/greece#fnB3641;Del grande;317;1;;;Greece;26.135943;41.244376;Eastern Mediteranean route Land;
1316;08/05/2000 02:00;2000;Shipwreck in the Straits of Gibraltar, on routes to Cadiz, 3 dead and 11 missing (May 8, 2000);cadiz;El Pais;http://www.elpais.com/articulo/espana/ESPAnA/ESPAnA/MARRUECOS/muertos/once/desaparecidos/nuevo/naufragio/Estrecho/Gibraltar/elpepiesp/20000508elpepinac_27/Tes;Del grande;318;13;;;Spain;-6.288596;36.527061;Western Mediteranean route;
1314;13/05/2000 02:00;2000;Inflatable Party from Morocco crashing against the rocks in Tarifa, 6 dead (May 13, 2000);tarifa;El Pais;http://www.elpais.com/articulo/espana/ESPAnA/inmigrantes/mueren/ahogados/Tarifa/elpepiesp/20000513elpepinac_11/Tes;Del grande;320;6;;;Spain;-5.600819;36.018776;Western Mediteranean route;
1313;16/05/2000 02:00;2000;The Turkish police opened fire on a group of migrants in Dogubayazit, near Agri, while they were crossing the border illegally with Iran. 9 dead and 5 injured (May 16, 2000);dogubayazit;Ananova;http://www.icare.to/archivemay2000.html;Del grande;321;9;;;Turkey;44.074207;39.54864;;
1312;21/05/2000 02:00;2000;He died killed a young migrant detained in the police station on Lanzarote, in the Canary Islands (May 21, 2000);lanzarote;El Pais;http://www.elpais.com/articulo/espana/FONSECA/_ANTONIO_AUGUSTO_/GUINEANO_FALLECIDO/CANARIAS/ESPAnA/aFRICA/guineano/muere/comisaria/Arrecife/ser/arrestado/cuerpo/presenta/huellas/golpes/denuncia/familia/elpepiesp/20000521elpepinac_9/Tes;Del grande;322;1;;;Spain;-13.589973;29.046854;Western African route;
1310;05/06/2000 02:00;2000;Stockholm Airport. Found the bodies of two men frozen to death in the undercarriage of a plane departed from Dominican Republic (Jun 5, 2000);stockholm;Bbc;http://news.bbc.co.uk/2/hi/americas/778048.stm;Del grande;324;1;;;Sweden;18.06491;59.32893;;
1309;06/06/2000 02:00;2000;Landing along the coasts of Lecce, 2 dead (Jun 6, 2000);lecce;Ansa;http://dea.ansa.it/;Del grande;325;2;;;Italy;18.175016;40.351516;Apulia & Calbria;
1308;14/06/2000 02:00;2000;Shipwreck off the island Mohli, on routes to Mayotte, in the Indian Ocean, 19 dead (Jun 14, 2000);mayotte;Mayotte sans frontires;http://mayottesansfrontieres.blogspot.com/2006_01_01_archive.html;Del grande;326;19;;;Mayotte;45.166244;-12.8275;;
1306;07/07/2000 02:00;2000;20 killed in two separate wrecks off the coast of Mayotte (Jul 7, 2000);mayotte;Mayotte sans frontires;http://mayottesansfrontieres.blogspot.com/2006_01_01_archive.html;Del grande;328;20;;;Mayotte;45.166244;-12.8275;;
1305;10/07/2000 02:00;2000;Found the body of a migrant to the sides of the N-340 in Almeria, probably died after being abandoned on the road where the truck was traveling (Jul 10, 2000);almeria;El Pais;http://www.elpais.com/articulo/espana/ESPAnA/MARRUECOS/Hallado/cadaver/magrebi/cuneta/Almeria/elpepiesp/20000710elpepinac_12/Tes;Del grande;329;1;;;Spain;-2.463714;36.834047;Western Mediteranean route;
1303;10/07/2000 02:00;2000;Lecce: a landing boat, dead baby of 9 months, falling sugliscogli (Jul 10, 2000);lecce;La Repubblica;http://archivio.repubblica.extra.kataweb.it/archivio;Del grande;331;1;;;Italy;18.175016;40.351516;Apulia & Calbria;
1300;24/07/2000 02:00;2000;Landings in Algeciras, 4 drowned (Jul 24, 2000);algeciras;Ansa;http://dea.ansa.it/;Del grande;334;4;;;Spain;-5.453909;36.132977;Western Mediteranean route;
1299;04/08/2000 02:00;2000;Party from Domoni (Anjouan) a kwassa-kwassa is shipwrecked off the coast of Mayotte, 6 dead (Aug 4, 2000);mayotte;Mayotte sans frontires;http://mayottesansfrontieres.blogspot.com/2006_01_01_archive.html;Del grande;335;6;;;Mayotte;45.166244;-12.8275;;
1298;07/08/2000 02:00;2000;He died crushed a young man hiding under a truck along the N-340 towards Malaga (Aug 7, 2000);malaga;El Pais;http://www.elpais.com/articulo/espana/ESPAnA/ESPAnA/MARRUECOS/Muere/aplastado/inmigrante/viajaba/bajos/camion/elpepiesp/20000807elpepinac_16/Tes;Del grande;336;1;;;Spain;-4.421266;36.721261;Western Mediteranean route;
1297;08/08/2000 02:00;2000;Shipwreck off the coast of Anjouan, on routes to the French island of Mayotte, 9 dead (Aug 8, 2000);mayotte;Mayotte sans frontires;http://mayottesansfrontieres.blogspot.com/2006_01_01_archive.html;Del grande;337;9;;;Mayotte;45.166244;-12.8275;;
1296;08/08/2000 02:00;2000;Shipwreck off Soulou, Mayotte, 10 dead (Aug 8, 2000);mayotte;Mayotte sans frontires;http://mayottesansfrontieres.blogspot.com/2006_01_01_archive.html;Del grande;338;10;;;Mayotte;45.166244;-12.8275;;
1295;09/08/2000 02:00;2000;Shipwreck off the coast of Sada, Mayotte: 10 dead (Aug 9, 2000);sada;Mayotte sans frontires;http://mayottesansfrontieres.blogspot.com/2006_01_01_archive.html;Del grande;339;10;;;France;-8.255738;43.355524;;
1294;09/08/2000 02:00;2000;Bari thrown overboard by smugglers during the landing. 2 dead, 2 missing (Aug 9, 2000);bari;La Repubblica;http://archivio.repubblica.extra.kataweb.it/archivio;Del grande;340;4;;;Italy;16.871871;41.117143;Apulia & Calbria;
1293;12/08/2000 02:00;2000;Shipwreck off the coast of Almeria, 4 dead bodies recovered (Aug 12, 2000);almeria;El Mundo;http://www.elmundo.es/elmundo/2000/08/12/sociedad/966101717.html;Del grande;341;4;;;Spain;-2.463714;36.834047;Western Mediteranean route;
1292;12/08/2000 02:00;2000;26 died in a shipwreck off the coast of Mayotte (Aug 12, 2000);mayotte;Mayotte sans frontires;http://mayottesansfrontieres.blogspot.com/2006_01_01_archive.html;Del grande;342;26;;;Mayotte;45.166244;-12.8275;;
1287;01/09/2000 02:00;2000;2 killed in minefields along the Evros River at the border with Turkey, Kipi. Attempting to cross the border on foot (Sep 1, 2000);evros;Macedonian Press Agency;http://www.hri.org/cgi-bin/brief?/news/greek/mpab/2000/00-09-01.mpab.html#09;Del grande;347;2;;;Greece;26.135943;41.244376;Eastern Mediteranean route Land;
1286;06/09/2000 02:00;2000;Shipwreck in the Strait, off the coast of Ceuta, 2 dead and 7 missing (Sep 6, 2000);ceuta;El Pais;http://www.elpais.com/articulo/espana/ESPAnA/ESPAnA/MARRUECOS/ESPAnA/aFRICA/muertos/desaparecidos/naufragar/patera/Estrecho/elpepiesp/20000906elpepinac_18/Tes;Del grande;348;9;;;Spain;-5.324636;35.888384;Western Mediteranean route;
1284;17/09/2000 02:00;2000;Upturned boat stranded off the coast of Skhirat, was directed in Spain, 1 dead and 9 missing (Sep 17, 2000);Skhirat, Morocco;Ansa;http://dea.ansa.it/;Del grande;350;10;;;Morocco;-7.03;33.85;;
1283;22/09/2000 02:00;2000;Party from Hamchako, Anjouan, a kwassa kwassa is shipwrecked off the coast of Anjouan, on the route to Mayotte: 12 dead (Sep 22, 2000);mayotte;Mayotte sans frontires;http://mayottesansfrontieres.blogspot.com/2006_01_01_archive.html;Del grande;351;12;;;Comoros;45.166244;-12.8275;;
1278;04/10/2000 02:00;2000;Tucked away in a truck to get to Germany, a man dies in a car accident (Oct 4, 2000);Czech Republic;Deutsche Press Agentur;http://www.dpa.de/;Del grande;356;1;;;Czech Republic;15.472962;49.817492;;
1274;26/10/2000 02:00;2000;1 dead, 3 hospitalized in serious condition in hospital of Vieste (Foggia), were hidden in a container on a Greek ship direct to Ancona (Oct 26, 2000);ancona;Ansa;http://dea.ansa.it/;Del grande;360;1;;;Italy;13.518915;43.61583;;
1272;30/10/2000 01:00;2000;Shipwreck on the routes between Anjouan and Mayotte, in the Indian Ocean: 11 dead (Oct 30, 2000);mayotte;Mayotte sans frontires;http://mayottesansfrontieres.blogspot.com/2006_01_01_archive.html;Del grande;362;11;;;Mayotte;45.166244;-12.8275;;
1271;01/11/2000 01:00;2000;Man killed by Greek police in Kastoria, the border between Greece and Albania. A driving a car loaded with illegal immigrants, had not stopped at the checkpoint (Nov 1, 2000);kastoria;Amnesty;http://web.amnesty.org/library/index/engeur250222002;Del grande;363;1;;;Greece;21.268717;40.519269;;
1270;02/11/2000 01:00;2000;Recovered on the beaches of Tarifa the corpse of a drowned man (Nov 2, 2000);tarifa;El Pais;http://www.elpais.com/articulo/espana/ESPAnA/Recuperado/cadaver/magrebi/detenidos/33/inmigrantes/clandestinos/costa/Tarifa/elpepiesp/20001102elpepinac_15/Tes;Del grande;364;1;;;Spain;-5.600819;36.018776;Western Mediteranean route;
1269;13/11/2000 01:00;2000;"Mayotte. Young throws herself from the ship ""Ville de Sima"" returnee who was in Anjouan and drowns (Nov 13, 2000)";mayotte;Mayotte sans frontires;http://mayottesansfrontieres.blogspot.com/2006_01_01_archive.html;Del grande;365;1;;;Mayotte;45.166244;-12.8275;;
1266;20/11/2000 01:00;2000;2 men drown trying to cross the Sava River to cross the border with Croatia (Nov 20, 2000);sava;Ohr;http://www.ohr.int/ohr-dept/presso/bh-media-rep/summaries-tv/rtrs/default.asp?content_id=2431;Del grande;368;2;;;Bosnia and Herzegovina;17.557323;40.403712;Apulia & Calbria;
1264;03/12/2000 01:00;2000;A young man just landed in Tarifa is killed by a shot of an officer of the Civil Guard (Dec 3, 2000);tarifa;El Pais;http://www.elpais.com/articulo/espana/CaDIZ/TARIFA_/CaDIZ/ESPAnA/ESPAnA/MARRUECOS/GUARDIA_CIVIL/magrebi/muere/disparo/guardia/civil/desembarcar/patera/Tarifa/elpepiesp/20001204elpepinac_1/Tes;Del grande;370;1;;;Spain;-5.600819;36.018776;Western Mediteranean route;
1263;04/12/2000 01:00;2000;Shipwreck 4 km from the coast of Anjouan, a kwassa kwassa direct Mayotte: 17 dead (Dec 4, 2000);mayotte;Mayotte sans frontires;http://mayottesansfrontieres.blogspot.com/2006_01_01_archive.html;Del grande;371;17;;;Comoros;45.166244;-12.8275;;
1262;05/12/2000 01:00;2000;He died asphyxiated by the gas motor on the boat which was traveling towards Tarifa (Dec 5, 2000);tarifa;El Pais;http://www.elpais.com/articulo/espana/ESPAnA/ESPAnA/MARRUECOS/magrebi/muere/asfixiado/gases/motor/barca/iba/otros/31/indocumentados/elpepiesp/20001205elpepinac_11/Tes;Del grande;372;1;;;Spain;-5.600819;36.018776;Western Mediteranean route;
1261;06/12/2000 01:00;2000;Probably killed by truck in which they were hiding to land in Spain, 2 men die hit by two cars, one in Cadiz and the other in Almeria (Dec 6, 2000);cadiz;El Pais;http://www.elpais.com/articulo/espana/ESPAnA/EUROPA_ORIENTAL/ESPAnA/MARRUECOS/marroqui/lituano/arrollados/sendos/accidentes/Cadiz/Almeria/elpepiesp/20001206elpepinac_7/Tes;Del grande;373;2;;;Spain;-6.288596;36.527061;Western Mediteranean route;
1260;09/12/2000 01:00;2000;Found the bodies of four men drowned in the waters of Ceuta and Castillejos, probably victims of a shipwreck that you do not know anything. Since January 2000, according to official sources, the bodies recovered in the waters of Ceuta are 17 (Dec 9, 2000);ceuta;El Pais;http://www.elpais.com/articulo/espana/MARRUECOS/ESPAnA/ESPAnA/MARRUECOS/Desmantelada/red/inmigracion/ilegal/120/detenidos/Marruecos/elpepiesp/20001209elpepinac_22/Tes;Del grande;374;4;;;Spain;-5.324636;35.888384;Western Mediteranean route;
1259;10/12/2000 01:00;2000;Found on the beaches of Tarifa the bodies of 3 young drowned (Dec 10, 2000);tarifa;El Pais;http://www.elpais.com/articulo/espana/ESPAnA/ESPAnA/aFRICA/Guardia/Civil/halla/aguas/Tarifa/cadaveres/inmigrantes/elpepiesp/20001210elpepinac_16/Tes;Del grande;375;3;;;Spain;-5.600819;36.018776;Western Mediteranean route;
1258;15/12/2000 01:00;2000;Man dies asphyxiated traveling for hours hidden in the trunk of a car to enter illegally in Sweden (Dec 15, 2000);sweden;Migration News Sheet;http://www.migpolgroup.com/topics/2054.html;Del grande;376;1;;;Sweden;18.643501;60.128161;;
1257;15/12/2000 01:00;2000;Direct in Germany, a man dying of starvation through the desert on the border between Kazakhstan and Russia (Dec 15, 2000);Russia;Migration News Sheet;http://www.migpolgroup.com/topics/2054.html;Del grande;377;1;;;Russia;105.318756;61.52401;;
1254;19/12/2000 01:00;2000;Six men traveling without a visa in a car, near the Croatian border the driver escapes a roadblock, police car chases, shoots and kills the man at the helm (Dec 19, 2000);croatia;Ansa;http://dea.ansa.it/;Del grande;380;1;;;Slovenia;15.2;45.1;Western Balkan route;
1253;21/12/2000 01:00;2000;Landing in Alimini near Otranto, 1 dead and 2 missing (Dec 21, 2000);otranto;Ansa;http://dea.ansa.it/;Del grande;381;3;;;Italy;18.491168;40.143898;Apulia & Calbria;
1251;22/12/2000 01:00;2000;Found on the beaches of Tarifa bodies of drowned 8 castaways (Dec 22, 2000);tarifa;El Pais;http://www.elpais.com/articulo/espana/ESPAnA/ESPAnA/MARRUECOS/Hallado/cadaver/magrebi/costa/Tarifa/elpepiesp/20001222elpepinac_11/Tes;Del grande;383;8;;;Spain;-5.600819;36.018776;Western Mediteranean route;
1247;27/12/2000 01:00;2000;Recovered a dead body of a fisherman on the beach of Cerano, Brindisi (Dec 27, 2000);brindisi;Ansa;http://dea.ansa.it/;Del grande;387;1;;;Italy;17.941762;40.632728;Apulia & Calbria;
1244;03/01/2001 01:00;2001;Found the body of a man in an advanced state of decomposition on a beach in Tarifa (Jan 3, 2001);tarifa;El Pais;http://www.elpais.com/articulo/espana/Hallado/cadaver/indocumentado/Tarifa/elpepiesp/20010103elpepinac_16/Tes;Del grande;390;1;;;Spain;-5.600819;36.018776;Western Mediteranean route;
1241;06/02/2001 01:00;2001;Recovered the bodies of 10 men drowned in a shipwreck in the waters of Tarifa, another 20 people are reported missing (Feb 6, 2001);tarifa;El Pais;http://www.elpais.com/articulo/espana/inmigrantes/mueren/naufragio/embarcacion/frente/playa/Tarifa/elpepiesp/20010206elpepinac_6/Tes;Del grande;393;30;;;Spain;-5.600819;36.018776;Western Mediteranean route;
1240;08/02/2001 01:00;2001;2 dead in the hold of a freighter turkish party from Tunisia and landed in Brindisi, where were hidden, probably killed by the fumes of the cargo oil sanza (Feb 8, 2001);brindisi;Ansa;http://dea.ansa.it/;Del grande;394;2;;;Italy;17.941762;40.632728;Apulia & Calbria;
1239;11/02/2001 01:00;2001;2 bodies recovered in an advanced state of decomposition on the beaches of Tarifa, perhaps drowned in the sinking of the last week (Feb 11, 2001);tarifa;El Pais;http://www.elpais.com/articulo/espana/RECUPERADOS/CADaVERES/COSTA/TARIFA/elpepiesp/20010211elpepinac_2/Tes;Del grande;395;2;;;Spain;-5.600819;36.018776;Western Mediteranean route;
1238;26/02/2001 01:00;2001;A truck party to Libya is lost in the desert to avoid border controls of Tidjeri. Three people are able to raise the alarm, but help arrives the Libyan army is only 40 survivors. The Niger police recovered 23 bodies. Another 27 people were buried in the sand by the 40 survivors (Feb 26, 2001);libyan;Le Monde diplomatique;http://www.monde-diplomatique.fr/2001/09/BENSAAD/15645;Del grande;396;50;;;Libya;17.228331;26.3351;;
1236;05/03/2001 01:00;2001;Madrid, discovered a corpse inside a container left from Casablanca, Morocco (Mar 5, 2001);casablanca;Migration News Sheet;http://www.migpolgroup.com/topics/2054.html;Del grande;398;1;;;Spain;-7.583333;33.533333;;
1235;05/03/2001 01:00;2001;Recovered the bodies of two men drowned off the coast of Tarifa (Mar 5, 2001);tarifa;El Pais;http://www.elpais.com/articulo/espana/Guardia/Civil/recupera/cadaveres/costa/Tarifa/elpepiesp/20010305elpepinac_19/Tes;Del grande;399;2;;;Spain;-5.600819;36.018776;Western Mediteranean route;
1232;18/03/2001 01:00;2001;Recovered a dead body in front of a backdrop of the island of Pantelleria (Mar 18, 2001);pantelleria;Ansa;http://dea.ansa.it/;Del grande;402;1;;;Italy;11.940496;36.828221;Central Mediteranean route;
1228;14/04/2001 02:00;2001;One person dies electrocuted while trying to climb over the fences of the terminal of the Channel Tunnel near Calais (Apr 14, 2001);calais;Le Monde;http://www.lemonde.fr/web/recherche_breve/1;Del grande;406;1;;;France;1.858686;50.95129;;
1226;26/04/2001 02:00;2001;Two dead in Calais trying to hide under the direct trains Channel in England (Apr 26, 2001);calais;British Broadcasting Corporation;http://www.hambastegi.org/internationalnews/news043001.htm;Del grande;408;2;;;France;1.858686;50.95129;;
1225;04/05/2001 02:00;2001;1 body found in the ship's hold cargo Epic game from New Guinea with a cargo of timber (May 4, 2001);Italy;Ansa;http://dea.ansa.it/;Del grande;409;1;;;Italy;12.56738;41.87194;;
1224;08/05/2001 02:00;2001;1 body found along the coast of Tarifa (May 8, 2001);tarifa;El Pais;http://www.elpais.com/articulo/espana/Otros/165/inmigrantes/buscan/futuro/patera/elpepiesp/20010509elpepinac_23/Tes;Del grande;410;1;;;Spain;-5.600819;36.018776;Western Mediteranean route;
1223;18/05/2001 02:00;2001;The Libyan authorities announced that they had found in the desert near Murzuq, 93 corpses in a state of decomposition. They were part of a group party from Niger on May 8 and got stuck in the desert after an engine failure the truck they were traveling in 165. The survivors are 25. Another 47 people are reported missing, surely death within a few kilometers (May 18, 2001);libyan;Le Monde;http://www.lemonde.fr/cgi-bin/ACHATS/acheter.cgi?offre=ARCHIVES&type_item=ART_ARCH_30J&objet_id=705829;Del grande;411;140;;;Libya;17.228331;26.3351;;
1220;25/05/2001 02:00;2001;Two dead along the coast of Spain, one in Cadiz and one in Fuerteventura, in the Canary Islands (May 25, 2001);fuerteventura;El Pais;http://www.elpais.com/articulo/espana/inmigrantes/muertos/78/detenidos/costas/Cadiz/Fuerteventura/elpepiesp/20010525elpepinac_45/Tes;Del grande;414;2;;;Spain;-14.053676;28.358744;Western African route;
1218;10/06/2001 02:00;2001;They die in Trani, Bari, 12 people, thrown overboard by traffickers. The survivors are 22. (Jun 10, 2001);bari;La Repubblica;http://www.repubblica.it/online/cronaca/sbarco/precedenti/precedenti.html;Del grande;416;12;;;Italy;16.871871;41.117143;Apulia & Calbria;
1217;11/06/2001 02:00;2001;Sinks into the Morava River, on the border between Slovakia and the Czech Republic, boat migrants to Germany. 20 drowned (Jun 11, 2001);morava;Radio Praha;http://www.radio.cz/en/article/10876;Del grande;417;20;;;Czech Republic;16.60673;49.195098;;
1216;11/06/2001 02:00;2001;Found on a beach of Tarifa the corpse of a drowned man (Jun 11, 2001);tarifa;El Pais;http://www.elpais.com/articulo/espana/Guardia/Civil/encuentra/cadaver/inmigrante/Tarifa/interceptar/papeles/elpepuesp/20010611elpepunac_2/Tes;Del grande;418;1;;;Spain;-5.600819;36.018776;Western Mediteranean route;
1214;14/06/2001 02:00;2001;Landing in Frigole, Lecce, a man dies for head injury during the trip, slamming against the side of a boat (Jun 14, 2001);lecce;Ansa;http://dea.ansa.it/;Del grande;420;1;;;Italy;18.175016;40.351516;Apulia & Calbria;
1213;15/06/2001 02:00;2001;A boat hits a rocky islet of Chtapodia, in the Cyclades, and sinks, 6 drowned (Jun 15, 2001);Chtapodia, greece;Ansa;http://dea.ansa.it/;Del grande;421;6;;;Greece;25.568889;37.411111;Eastern Mediteranean route Sea;
1211;18/06/2001 02:00;2001;Tucked away in the undercarriage of a plane at Gatwick, man rushes to the opening of the truck from a height of several hundred meters (Jun 18, 2001);gatwick;Telegraph;http://www.telegraph.co.uk/news/main.jhtml?xml=/news/2000/12/26/nstow26.xml;Del grande;423;1;;;Great Britain;-0.165058;51.155455;;
1210;28/06/2001 02:00;2001;Rescued a boat with 62 passengers in the waters of Tarifa, 1 died on board (Jun 28, 2001);tarifa;El Pais;http://www.elpais.com/articulo/espana/Rescatada/patera/deriva/Tarifa/62/africanos/cadaver/elpepiesp/20010628elpepinac_22/Tes;Del grande;424;1;;;Spain;-5.600819;36.018776;Western Mediteranean route;
1209;05/07/2001 02:00;2001;A frozen to death on the border crossings between Bulgaria and Greece (Jul 5, 2001);bulgaria;Migration News Sheet;http://www.migpolgroup.com/topics/2054.html;Del grande;425;1;;;Greece;25.48583;42.733883;Eastern Mediteranean route Land;
1208;09/07/2001 02:00;2001;Ragusa: 4 people thrown overboard by traffickers drown trying to swim to the coast (Jul 9, 2001);ragusa;La Repubblica;http://www.repubblica.it/2004/a/sezioni/cronaca/clandestini/cronotra/cronotra.html;Del grande;426;4;;;Italy;14.725513;36.926927;Central Mediteranean route;
1207;10/07/2001 02:00;2001;3 bodies recovered off the coast of Dubrovnik, between Scoglitti and Marina di Ragusa (Jul 10, 2001);scoglitti;Ansa;http://dea.ansa.it/;Del grande;427;3;;;Italy;14.42889;36.893322;Central Mediteranean route;
1206;12/07/2001 02:00;2001;A man died in hospital in Catania landed in Sicily on July 2 and wounded in the head with an oar by traffickers (Jul 12, 2001);catania;Ansa;http://dea.ansa.it/;Del grande;428;1;;;Italy;15.082851;37.508039;Central Mediteranean route;
1205;14/07/2001 02:00;2001;Turkish police shoot on a minibus load of immigrants who refuse to stop at a checkpoint in the region of Hatay, near Syria. 2 people are killed and 7 injured (Jul 14, 2001);syria;Turkish Daily News;http://www.turkishdailynews.com.tr/archives.php?id=24163;Del grande;429;2;;;Turkey;38.996815;34.802075;;
1203;16/07/2001 02:00;2001;Found on a beach in Los Lances, Tarifa in an abandoned boat, 2 bodies on board (Jul 16, 2001);tarifa;El Pais;http://www.elpais.com/articulo/espana/inmigrantes/papeles/mueren/intentaban/alcanzar/costas/Tarifa/elpepiesp/20010716elpepinac_13/Tes;Del grande;431;2;;;Spain;-5.600819;36.018776;Western Mediteranean route;
1202;05/08/2001 02:00;2001;Party from Pomoni (Anjouan) and directed to Mayotte, a kwassa kwassa is shipwrecked off the coast of Gnignijou. Drown a 5 year old girl (Aug 5, 2001);mayotte;Mayotte sans frontires;http://mayottesansfrontieres.blogspot.com/2006_01_01_archive.html;Del grande;432;1;;;Comoros;45.166244;-12.8275;;
1201;06/08/2001 02:00;2001;Shipwreck at 15 km from the coast of Anjouan: 26 dead (Aug 6, 2001);Mayotte;Mayotte sans frontires;http://mayottesansfrontieres.blogspot.com/2006_01_01_archive.html;Del grande;433;26;;;Comoros;45.166244;-12.8275;;
1200;06/08/2001 02:00;2001;Found in Tanzania, to Pemba, a kwassa kwassa party from Anjouan and Mayotte to the finished adrift for 11 days, 2 dead (Aug 6, 2001);mayotte;Mayotte sans frontires;http://mayottesansfrontieres.blogspot.com/2006_01_01_archive.html;Del grande;434;2;;;Mayotte;45.166244;-12.8275;;
1198;10/08/2001 02:00;2001;He died of a heart attack an hour and a half before boy arrested by agents of the Guardia Civil in Ceuta (Aug 10, 2001);ceuta;El Pais;http://www.elpais.com/articulo/espana/Fallece/joven/marroqui/ser/detenido/policia/Ceuta/elpepiesp/20010810elpepinac_4/Tes;Del grande;436;1;;;Spain;-5.324636;35.888384;Western Mediteranean route;
1197;10/08/2001 02:00;2001;Found the body of a drowned man on the beach of Bolonia, Tarifa (Aug 10, 2001);tarifa;El Pais;http://www.elpais.com/articulo/espana/Rescatado/cadaver/inmigrante/costa/Tarifa/elpepiesp/20010810elpepinac_5/Tes;Del grande;437;1;;;Spain;-5.600819;36.018776;Western Mediteranean route;
1196;11/08/2001 02:00;2001;Relief kwassa kwassa off of Mayotte: 1 dead and 7 missing (Aug 11, 2001);mayotte;Mayotte sans frontires;http://mayottesansfrontieres.blogspot.com/2006_01_01_archive.html;Del grande;438;8;;;Mayotte;45.166244;-12.8275;;
1193;21/08/2001 02:00;2001;Found the body of a man who drowned in Cadiz (Aug 21, 2001);cadiz;El Pais;http://www.elpais.com/articulo/espana/Hallan/cadaver/patera/ocupantes/fardo/hachis/elpepiesp/20010821elpepinac_10/Tes;Del grande;441;1;;;Spain;-6.288596;36.527061;Western Mediteranean route;
1190;25/08/2001 02:00;2001;Landing in Salento, Lecce, passengers thrown into the sea, 1 dead (Aug 25, 2001);lecce;La Repubblica;http://archivio.repubblica.extra.kataweb.it/archivio;Del grande;444;1;;;Italy;18.175016;40.351516;Apulia & Calbria;
1189;05/09/2001 02:00;2001;5 drowned during the landing of a ship of migrants on the island of Evia (Sep 5, 2001);evia;Macedonian Press Agency;http://www.hri.org/news/greek/mpab/2001/01-09-05.mpab.html#01;Del grande;445;5;;;Greece;23.858474;38.523604;Eastern Mediteranean route Sea;
1187;12/09/2001 02:00;2001;Discovered the bodies of three men drowned on a beach in El Ejido, near Almeria (Sep 12, 2001);almeria;El Pais;http://www.elpais.com/articulo/espana/Descubiertos/cadaveres/identificar/playa/Ejido/elpepiesp/20010913elpepinac_14/Tes;Del grande;447;3;;;Spain;-2.463714;36.834047;Western Mediteranean route;
1186;17/09/2001 02:00;2001;30 people hidden in a mercantile turkish flow into the sea off the coast of Vlora, 4 drowned (Sep 17, 2001);vlora;Ansa;http://dea.ansa.it/;Del grande;448;4;;;Albania;19.490219;40.471882;;
1185;18/09/2001 02:00;2001;Shipwreck off the coast of Rabat, 5 dead (Sep 18, 2001);rabat;El Mundo;http://www.elmundo.es/elmundo/2001/09/18/sociedad/1000767274.html;Del grande;449;5;;;Morocco;-6.83272;34.015049;;
1184;18/09/2001 02:00;2001;Parties from Nigeria to cross the Sahara and embark to Europe, 52 people have died in the desert dehydrated after the breaking of the truck they were traveling in Mali and after a march of days, 4 survivors (Sep 18, 2001);sahara;Ansa;http://dea.ansa.it/;Del grande;450;52;;;Mali;11.291889;23.803497;;
1183;27/09/2001 02:00;2001;Shipwreck of a Ukrainian ship loaded with immigrants in the Suez Canal, 3 dead and 9 missing (Sep 27, 2001);Suez Canal;Ansa;http://dea.ansa.it/;Del grande;451;12;;;Egypt;32.32634;30.840842;;
1182;28/09/2001 02:00;2001;Expelled from Italy throws himself into the water, in the port of Brindisi, the ferry that was to bring in Vlore, but slams against the hull and died after two days in hospital (Sep 28, 2001);brindisi;Ansa;http://dea.ansa.it/;Del grande;452;1;;;Italy;17.941762;40.632728;Apulia & Calbria;
1180;06/10/2001 02:00;2001;Shipwreck off Mliha a kwassa kwassa party from Anjouan to Mayotte, 7 dead (Oct 6, 2001);mayotte;Mayotte sans frontires;http://mayottesansfrontieres.blogspot.com/2006_01_01_archive.html;Del grande;454;7;;;Mayotte;45.166244;-12.8275;;
1179;15/10/2001 02:00;2001;Found the body of a man in the ship's hold Akcan I, docked in the port of Crotone (Oct 15, 2001);crotone;Ansa;http://dea.ansa.it/;Del grande;455;1;;;Italy;17.12711;39.080793;Apulia & Calbria;
1178;18/10/2001 02:00;2001;Kwassa kwassa party Mayotte sinks a couple of miles from the coast of Anjouan, 15 dead (Oct 18, 2001);mayotte;Mayotte sans frontires;http://mayottesansfrontieres.blogspot.com/2006_01_01_archive.html;Del grande;456;15;;;Comoros;45.166244;-12.8275;;
1176;25/10/2001 02:00;2001;Shipwreck of a kwassa kwassa party from Anjouan to Mayotte: 25 dead (Oct 25, 2001);mayotte;Mayotte sans frontires;http://mayottesansfrontieres.blogspot.com/2006_01_01_archive.html;Del grande;458;25;;;Mayotte;45.166244;-12.8275;;
1175;26/10/2001 02:00;2001;Dinghy is shipwrecked off the coast of Kos, 1 dead (Oct 26, 2001);kos;Kathimerini;http://www.ekathimerini.com/4dcgi/news/content.asp?aid=10475;Del grande;459;1;;;Greece;27.102943;36.799851;Eastern Mediteranean route Sea;
1172;06/11/2001 01:00;2001;Capsizes off the coast of the Turkish boat heading to Greece, 5 dead (Nov 6, 2001);Greece;Reuters;http://www.lemonde.fr/web/recherche_breve/1;Del grande;462;5;;;Greece;21.824312;39.074208;;
1171;07/11/2001 01:00;2001;Shipwreck off the coast of Bodrum, 5 dead, 12 missing (Nov 7, 2001);Bodrum;Kathimerini;http://www.ekathimerini.com/4dcgi/news/content.asp?aid=10706;Del grande;463;17;;;Turkey;27.43029;37.035339;Eastern Mediteranean route Sea;
1170;09/11/2001 01:00;2001;Two died in a shipwreck off the coast of Majicavo, Mayotte (Nov 9, 2001);mayotte;Mayotte sans frontires;http://mayottesansfrontieres.blogspot.com/2006_01_01_archive.html;Del grande;464;2;;;Mayotte;45.166244;-12.8275;;
1168;03/12/2001 01:00;2001;Boat rescued off Cesvos, 2 dead, 4 missing (Dec 3, 2001);Cesvos, greece;Kathimerini;http://www.ekathimerini.com/4dcgi/news/content.asp?aid=8791;Del grande;466;6;;;Greece;26.372171;39.16408;Eastern Mediteranean route Sea;
1167;07/12/2001 01:00;2001;Sinks near Cesme small raft live in Greece, 3 killed (Dec 7, 2001);cesme;Kathimerini;http://www.ekathimerini.com/4dcgi/news/content.asp?aid=11378;Del grande;467;3;;;Turkey;26.314921;38.32981;Eastern Mediteranean route Sea;
1166;09/12/2001 01:00;2001;Suffocated in containers where they were hidden, 8 dead (Dec 9, 2001);Ireland;La Repubblica;http://archivio.repubblica.extra.kataweb.it/archivio;Del grande;468;8;;;Ireland;-8.24389;53.41291;;
1165;10/12/2001 01:00;2001;Shipwreck off the coast of Fuerteventura, in the Canary Islands. Suspended the search for the missing 7 (Dec 10, 2001);fuerteventura;El Pais;http://www.elpais.com/articulo/espana/Intensa/busqueda/Canarias/magrebies/dados/desaparecidos/elpepiesp/20011210elpepinac_11/Tes;Del grande;469;7;;;Spain;-14.053676;28.358744;Western African route;
1164;12/12/2001 01:00;2001;Livorno suffocated in trucks where they were hidden, 4 dead (Dec 12, 2001);livorno;La Repubblica;http://archivio.repubblica.extra.kataweb.it/archivio;Del grande;470;4;;;Italy;10.310567;43.548473;;
1161;25/12/2001 01:00;2001;He died of hypothermia a man hidden in the hold of a freighter Ivorian direct to Holland (Dec 25, 2001);Netherland;Volkskrant;http://www.volkskrant.nl/;Del grande;473;1;;;Netherland;-4.410332;55.57156;;
1160;25/12/2001 01:00;2001;London Gatwick Airport. Found the bodies of two men frozen in undercarriage of a British Airways plane which were hidden (Dec 25, 2001);gatwick;Bbc;http://news.bbc.co.uk/2/hi/americas/1123773.stm;Del grande;474;2;;;Great Britain;-0.165058;51.155455;;
1158;01/01/2002 01:00;2002;According to a report by Human Rights Watch, November 2001 to January 2002, at least 4 migrants were killed by Turkish police along the border with Iran frozen to death and 26 others were killed on the border crossings (Jan 1, 2002);iran;Hrw;http://hrw.org/backgrounder/refugees/uk/conditions.htm;Del grande;476;30;;;Turkey;53.688046;32.427908;;
1157;01/01/2002 01:00;2002;Man dies frozen to death trying to walk across the border between Turkey and Greece in Edirne (Jan 1, 2002);edirne;Hrft;http://www.tihv.org.tr/EN/;Del grande;477;1;;;Turkey;26.562269;41.681808;Eastern Mediteranean route Land;
1155;10/01/2002 01:00;2002;Recovered at sea the body of a man off Apani, Brindisi (Jan 10, 2002);brindisi;Ansa;http://dea.ansa.it/;Del grande;479;1;;;Italy;17.941762;40.632728;Apulia & Calbria;
1153;02/02/2002 01:00;2002;Landing at Gesine, Lecce, a man dies invested by the boat that was recovering well in the (Feb 2, 2002);lecce;Ansa;http://dea.ansa.it/;Del grande;481;1;;;Italy;18.175016;40.351516;Apulia & Calbria;
1152;02/02/2002 01:00;2002;Asphyxiated 2 guys hiding under a truck boarded the ferry to Nador Almeria (Feb 2, 2002);almeria;El Pais;http://www.elpais.com/articulo/espana/marroquies/mueren/asfixiados/bajos/autocar/dentro/ferry/elpepiesp/20020202elpepinac_20/Tes;Del grande;482;2;;;Spain;-2.463714;36.834047;Western Mediteranean route;
1151;04/02/2002 01:00;2002;A frozen to death along the snowy passes of the border between Bulgaria and Greece (Feb 4, 2002);bulgaria;Migration News Sheet;http://www.migpolgroup.com/topics/2054.html;Del grande;483;1;;;Greece;25.48583;42.733883;Eastern Mediteranean route Land;
1150;13/02/2002 01:00;2002;4 drowned in a shipwreck in front of the coast of Tarifa (Feb 13, 2002);tarifa;El Pais;http://www.elpais.com/articulo/espana/inmigrantes/mueren/naufragio/elpepiesp/20020213elpepinac_19/Tes;Del grande;484;4;;;Spain;-5.600819;36.018776;Western Mediteranean route;
1147;02/03/2002 01:00;2002;Recovered a body from the river Isonzo Gorizia, would have drowned after crossing the Slovenian border (Mar 2, 2002);gorizia;Ansa;http://dea.ansa.it/;Del grande;487;1;;;Italy;13.620175;45.940181;Western Balkan route;
1146;05/03/2002 01:00;2002;Trying to enter illegally into Turkey from the border with Syria, the Turkish police opened fire, 3 deaths (Mar 5, 2002);syria;Associated Press;http://docs.google.com/viewer?url=http://www.aucegypt.edu/fmrs/documents/frantz.pdf;Del grande;488;3;;;Turkey;38.996815;34.802075;;
1145;07/03/2002 01:00;2002;Shipwreck off the coast of Lampedusa: 12 dead, 47 missing (Mar 7, 2002);lampedusa;La Repubblica;http://www.repubblica.it/online/cronaca/sbarco/precedenti/precedenti.html;Del grande;489;59;;;Italy;12.59292;35.508622;Central Mediteranean route;
1144;11/03/2002 01:00;2002;Otranto: 6 bodies recovered related to the hull of a boat in distress. The boat, which had departed from Vlora, was set on fire. 23 Survivors (Mar 11, 2002);otranto;La Repubblica;http://www.repubblica.it/online/cronaca/sbarco/precedenti/precedenti.html;Del grande;490;6;;;Italy;18.491168;40.143898;Apulia & Calbria;
1141;26/03/2002 01:00;2002;Rescued off the coast of Libya by the Italian tanker Sesia Valley, a group of migrant claims that 5 men died of starvation during the journey and their bodies were thrown into the sea (Mar 26, 2002);libya;Ansa;http://dea.ansa.it/;Del grande;493;5;;;Italy;17.228331;26.3351;;
1139;14/04/2002 02:00;2002;Abandoned in a parking lot in Catalca, near Istanbul, the bodies of three men suffocated hidden in the truck where they traveled to Greece (Apr 14, 2002);istanbul;Hrft;http://www.tihv.org.tr/EN/;Del grande;495;3;;;Turkey;28.97696;41.00527;;
1137;15/04/2002 02:00;2002;London Heathrow Airport. Man found frozen to death in the undercarriage of a plane traveling where hidden (Apr 15, 2002);heathrow;Telegraph;http://www.telegraph.co.uk/news/main.jhtml?xml=/news/2002/04/15/ustow.xml;Del grande;497;1;;;Great Britain;-0.45094;51.47238;;
1134;12/05/2002 02:00;2002;Found in Deuil-la-Barre the body of a man who fell from the undercarriage of a plane to Paris, where he traveled secretly (May 12, 2002);paris;Migration News Sheet;http://www.migpolgroup.com/topics/2054.html;Del grande;500;1;;;France;2.352222;48.856614;;
1132;20/05/2002 02:00;2002;We found 8 bodies, including one child, drowned with a ship carrying 16 Turkish Kurds along a river on the border with Bosnia (May 20, 2002);Croatia;Kathimerini;http://www.ekathimerini.com/4dcgi/news/content.asp?aid=16605;Del grande;502;8;;;Croatia;15.2;45.1;Western Balkan route;
1130;23/05/2002 02:00;2002;Turkish Coast Guard fires on boat with 250 people on board after refusing to stop. 1 dead, 7 injured (May 23, 2002);Cyprus;Kathimerini;http://www.ekathimerini.com/4dcgi/news/content.asp?aid=16746;Del grande;504;1;;;Cyprus;33.429859;35.126413;;
1128;31/05/2002 02:00;2002;Found 19 corpses, including 9 children. Died of cold walking through the border between Turkey and Iran into Europe (May 31, 2002);iran;Kathimerini;http://www.ekathimerini.com/4dcgi/news/content.asp?aid=17050;Del grande;506;19;;;Turkey;53.688046;32.427908;;
1127;31/05/2002 02:00;2002;Found along the coast of Menderes Airport in Izmir, the bodies of drowned migrants 5 (May 31, 2002);izmir;Turkish Daily News;http://www.turkishdailynews.com.tr/archives.php?id=28202;Del grande;507;5;;;Turkey;27.12872;38.41885;Eastern Mediteranean route Sea;
1126;02/06/2002 02:00;2002;Deaths in the desert in the north west of Sudan 45 men trying to enter Libya to emigrate to Europe (Jun 2, 2002);sudan;Ansa;http://dea.ansa.it/;Del grande;508;45;;;Sudan;30.217636;12.862807;;
1124;08/06/2002 02:00;2002;Lecce: smugglers spotted by the Guardia di Finanza, throwing 40 people overboard and stab two men who resist. 4 drowned (Jun 8, 2002);lecce;La Repubblica;http://www.repubblica.it/online/cronaca/sbarco/castromarina/castromarina.html;Del grande;510;4;;;Italy;18.175016;40.351516;Apulia & Calbria;
1123;11/06/2002 02:00;2002;Found the bodies of two other men drowned on the coast of Menderes, Izmir (Jun 11, 2002);izmir;Hrft;http://www.tihv.org.tr/EN/;Del grande;511;2;;;Turkey;27.12872;38.41885;Eastern Mediteranean route Sea;
1122;12/06/2002 02:00;2002;Sinking canoe in the waters of the English Channel, drowning 1 of 2 migrants bound for England (Jun 12, 2002);england;Irr;http://www.irr.org.uk/2006/december/ak000015.html;Del grande;512;1;;;France;-1.17432;52.355518;;
1119;24/06/2002 02:00;2002;2 men killed by the fire of the Turkish police along the border with Iran to Aslanyazi (Jun 24, 2002);Aslanyazi, turkey;Hrft;http://www.tihv.org.tr/EN/;Del grande;515;2;;;Turkey;42.881542;39.75425;;
1118;28/06/2002 02:00;2002;Sinking boat off the coast of Kos in the Dodecanese, 6 dead and 6 missing (Jun 28, 2002);kos;Turkish Daily News;http://www.turkishdailynews.com.tr/archives.php?id=28553;Del grande;516;12;;;Greece;27.102943;36.799851;Eastern Mediteranean route Sea;
1117;02/07/2002 02:00;2002;Brindisi: suffocated in trucks where they were hidden, 2 dead (Jul 2, 2002);brindisi;La Repubblica;http://archivio.repubblica.extra.kataweb.it/archivio;Del grande;517;2;;;Italy;17.941762;40.632728;Apulia & Calbria;
1116;03/07/2002 02:00;2002;Found the body of a young man along the border between Ceuta and Morocco, died of a strong blow to the chest after a fall (Jul 3, 2002);ceuta;El Pais;http://www.elpais.com/articulo/espana/africano/muere/despenado/frontera/ceuti/elpepiesp/20020703elpepinac_18/Tes;Del grande;518;1;;;Spain;-5.324636;35.888384;Western Mediteranean route;
1115;04/07/2002 02:00;2002;Died of a heart attack a man just landed detained at the police station of Fuerteventura, in the Canary Islands (Jul 4, 2002);fuerteventura;El Pais;http://www.elpais.com/articulo/espana/FUERTEVENTURA/extranjero/muerto/comisaria/Fuerteventura/sufrio/infartos/elpepiesp/20020704elpepinac_18/Tes;Del grande;519;1;;;Spain;-14.053676;28.358744;Western African route;
1114;05/07/2002 02:00;2002;Found a corpse in the cargo bed of a truck greek to Venice, where he traveled secretly (Jul 5, 2002);venice;Ansa;http://dea.ansa.it/;Del grande;520;1;;;Italy;12.315515;45.440847;;
1113;06/07/2002 02:00;2002;7 found dead in the sea, off the coast of Corfu and close to Athens (Jul 6, 2002);athens;Kathimerini;http://www.ekathimerini.com/4dcgi/news/content.asp?aid=18400;Del grande;521;7;;;Greece;23.72931;37.983716;Eastern Mediteranean route Sea;
1112;11/07/2002 02:00;2002;Found the body of a drowned man on the beaches of Tuineje, Fuerteventura, in the Canary Islands (Jul 11, 2002);fuerteventura;El Pais;http://www.elpais.com/articulo/espana/GUARDIA/CIVIL/RESCATA/CADaVER/INMIGRANTE/elpepiesp/20020711elpepinac_32/Tes;Del grande;522;1;;;Spain;-14.053676;28.358744;Western African route;
1111;11/07/2002 02:00;2002;Shipwreck off the coast of Fuerteventura, in the Canary Islands, 5 missing (Jul 11, 2002);fuerteventura;El Pais;http://www.elpais.com/articulo/espana/FUERTEVENTURA/desaparecidos/hundirse/patera/Fuerteventura/elpepiesp/20020711elpepinac_31/Tes;Del grande;523;5;;;Spain;-14.053676;28.358744;Western African route;
1108;02/08/2002 02:00;2002;Landing in Tarifa. At 150 meters from the shore the two rails of the boat force passengers to dive and continue swimming. At least 13 people die drowned (Aug 2, 2002);tarifa;El Pais;http://www.elpais.com/articulo/espana/Trece/inmigrantes/ahogados/intentar/llegar/Tarifa/elpepiesp/20020802elpepinac_2/Tes;Del grande;526;13;;;Spain;-5.600819;36.018776;Western Mediteranean route;
1107;04/08/2002 02:00;2002;34 lost at sea on a kwassa kwassa party from Bimbao, Anjouan to Mayotte (Aug 4, 2002);mayotte;Mayotte sans frontires;http://mayottesansfrontieres.blogspot.com/2006_01_01_archive.html;Del grande;527;34;;;Mayotte;45.166244;-12.8275;;
1106;10/08/2002 02:00;2002;4 year old girl dies on a kwassa kwassa party from Anjouan and Mayotte intercepted north of (Aug 10, 2002);mayotte;Mayotte sans frontires;http://mayottesansfrontieres.blogspot.com/2006_01_01_archive.html;Del grande;528;1;;;Mayotte;45.166244;-12.8275;;
1105;18/08/2002 02:00;2002;At least 26 people are reported missing after the sinking of a vessel from the Hoceima game for Spain (Aug 18, 2002);hoceima;Ansa;http://dea.ansa.it/;Del grande;529;26;;;Morocco;-3.937112;35.249299;Western Mediteranean route;
1101;05/09/2002 02:00;2002;Found along the coast of Tarifa the bodies of two young men drowned (Sep 5, 2002);tarifa;El Pais;http://www.elpais.com/articulo/espana/Guardia/Civil/recupera/cadaveres/jovenes/magrebies/aguas/Tarifa/elpepiesp/20020905elpepinac_9/Tes;Del grande;533;2;;;Spain;-5.600819;36.018776;Western Mediteranean route;
1100;13/09/2002 02:00;2002;Port of Algeciras. During an inspection of the containers on board a ship from Tangier match is found the corpse of a young man died asphyxiated traveling hidden in a shipping container (Sep 13, 2002);algeciras;El Pais;http://www.elpais.com/articulo/espana/CaDIZ/inmigrante/irregular/muere/asfixiado/contenedor/puerto/Algeciras/elpepiesp/20020913elpepinac_6/Tes;Del grande;534;1;;;Spain;-5.453909;36.132977;Western Mediteranean route;
1095;27/09/2002 02:00;2002;2 bodies recovered at two different points on the coast of Almeria (Sep 27, 2002);almeria;Ansa;http://dea.ansa.it/;Del grande;539;2;;;Spain;-2.463714;36.834047;Western Mediteranean route;
1093;08/10/2002 02:00;2002;Shipwreck off the coast of Barbate, Cadiz. Recovered from the sea the bodies of 7 boys and 7 girls (Oct 8, 2002);barbate;El Pais;http://www.elpais.com/articulo/espana/naufragio/inmigrantes/Barbate/suma/muertos/mayor/tragedia/ano/elpepiesp/20021016elpepinac_24/Tes;Del grande;541;14;;;Spain;-5.92248;36.19002;Western Mediteranean route;
1091;11/10/2002 02:00;2002;At the Port of Algeciras are found the bodies of five young people suffocated in a truck they were traveling in Morocco embarked hidden (Oct 11, 2002);algeciras;El Pais;http://www.elpais.com/articulo/espana/Hallados/inmigrantes/muertos/remolque/camion/Algeciras/elpepuesp/20021011elpepunac_3/Tes;Del grande;543;5;;;Spain;-5.453909;36.132977;Western Mediteranean route;
1090;13/10/2002 02:00;2002;5 found dead in the container of a truck at the Port of Algeciras (Oct 13, 2002);algeciras;L'Opinion;http://www.lopinion.ma/article.php3?id_article=416&var_recherche=clandestins+morts;Del grande;544;5;;;Spain;-5.453909;36.132977;Western Mediteranean route;
1088;19/10/2002 02:00;2002;Capsized off the Tunisian coast by boat game Echebba and live in Sicily, 8 deaths and 1 missing (Oct 19, 2002);tunis;Ansa;http://dea.ansa.it/;Del grande;546;9;;;Tunisia;10.16596;36.81881;Central Mediteranean route;
1087;27/10/2002 02:00;2002;Shipwreck off Koungou, Mayotte game from a boat Bambao, Anjouan: 23 dead (Oct 27, 2002);mayotte;Mayotte sans frontires;http://mayottesansfrontieres.blogspot.com/2006_01_01_archive.html;Del grande;547;23;;;Mayotte;45.166244;-12.8275;;
1086;07/11/2002 01:00;2002;Woman dies of cold in the arms of her husband, were crossing on foot at night the Turkish border with Greece (Nov 7, 2002);Greece;Kathimerini;http://www.ekathimerini.com/4dcgi/news/content.asp?aid=22846;Del grande;548;1;;;Greece;21.824312;39.074208;;
1085;11/11/2002 01:00;2002;Forced from the smugglers despite the bad weather, 47 young people die a hundred meters from the shore of Khemiss, Larache, from which they had departed for Spain (Nov 11, 2002);larache;Pateras de la vida;http://www.paterasdelavida.com/novedades/2002/18112002.html;Del grande;549;47;;;Morocco;-6.15;35.183333;Western Mediteranean route;
1084;22/11/2002 01:00;2002;One dead and one missing after the shipwreck off the coast of Ceuta in a small boat directly in Tarifa (Nov 22, 2002);tarifa;El Pais;http://www.elpais.com/articulo/espana/Ahogado/inmigrante/desaparecido/costa/Ceuta/elpepiesp/20021122elpepinac_23/Tes;Del grande;550;2;;;Spain;-5.600819;36.018776;Western Mediteranean route;
1083;30/11/2002 01:00;2002;2 bodies found on the coasts of the island Arkii, in the Aegean Sea (Nov 30, 2002);aegean;Kathimerini;http://www.ekathimerini.com/4dcgi/news/content.asp?aid=23708;Del grande;551;2;;;Greece;25.520736;37.075546;Eastern Mediteranean route Sea;
1082;01/12/2002 01:00;2002;Expelled from the Moroccan auxiliary forces and abandoned in the desert at the border with Algeria 15 km from Oujda, 8 people die of hypothermia, among them 2 women (Dec 1, 2002);oujda;Algeria Watch;http://www.algeria-watch.org/fr/mrv/mrvref/frontiere_elaleb.htm;Del grande;552;8;;;Morocco;-1.911389;34.686667;Western Mediteranean route;
1079;05/12/2002 01:00;2002;London Heathrow Airport. Found two children 12 years old and died in the undercarriage of a plane of Ghana Airways where they were hiding (Dec 5, 2002);heathrow;Edinburgh Evening News;http://www.edinburghnews.com/index.cfm?id=1355282002;Del grande;555;2;;;Great Britain;-0.45094;51.47238;;
1076;16/12/2002 01:00;2002;Young man found dead with head injuries. It was discovered by the driver of the truck where he was hiding to sail towards Italy (Dec 16, 2002);Greece;Kathimerini;http://www.ekathimerini.com/4dcgi/news/content.asp?aid=24280;Del grande;558;1;;;Greece;21.824312;39.074208;;
1075;20/12/2002 01:00;2002;Sink two boats in a stormy sea in the waters of the island Evia, 12 dead (Dec 20, 2002);evia;Kathimerini;http://www.ekathimerini.com/4dcgi/news/content.asp?aid=24560;Del grande;559;12;;;Greece;23.858474;38.523604;Eastern Mediteranean route Sea;
1074;22/12/2002 01:00;2002;Landing in Lampedusa, on board the boat died young 1 (Dec 22, 2002);lampedusa;Ansa;http://dea.ansa.it/;Del grande;560;1;;;Italy;12.59292;35.508622;Central Mediteranean route;
1070;02/01/2003 01:00;2003;Sinking a boat after a crash against the rocks of Guadalmes, Tarifa. 7 bodies recovered from the sea (Jan 2, 2003);tarifa;El Pais;http://www.elpais.com/articulo/espana/Reanudan/labores/busqueda/inmigrantes/desaparecidos/Tarifa/elpepuesp/20030104elpepunac_2/Tes;Del grande;564;7;;;Spain;-5.600819;36.018776;Western Mediteranean route;
1069;07/01/2003 01:00;2003;Recovered from the sea the remains of six people on the island of Symi (Jan 7, 2003);symi;Kathimerini;http://www.ekathimerini.com/4dcgi/_w_articles_politics_100013_07/01/2003_24909;Del grande;565;6;;;Greece;27.842865;36.585572;Eastern Mediteranean route Sea;
1068;07/01/2003 01:00;2003;Minefield in Evros, greek-turkish border. An explosion ago 2 dead and one wounded. They tried to enter illegally in Greece (Jan 7, 2003);evros;Kathimerini;http://www.ekathimerini.com/4dcgi/_w_articles_politics_100013_07/01/2003_24909;Del grande;566;2;;;Greece;26.135943;41.244376;Eastern Mediteranean route Land;
1066;10/01/2003 01:00;2003;He died a boy falling under the bus which was traveling tucked away in Ceuta to Algeciras to board the ferry (Jan 10, 2003);algeciras;El Pais;http://www.elpais.com/articulo/espana/Muere/Ceuta/marroqui/caer/autobus/escondia/elpepiesp/20030110elpepinac_20/Tes;Del grande;568;1;;;Spain;-5.453909;36.132977;Western Mediteranean route;
1065;13/01/2003 01:00;2003;Found the body of a boy froze to death trying to cross the border on foot between Albania and Greece on Mount Vitsio, Kastoria (Jan 13, 2003);kastoria;Ansa;http://dea.ansa.it/;Del grande;569;1;;;Greece;21.268717;40.519269;;
1063;16/01/2003 01:00;2003;Sinking a boat off the coast south of Fuerteventura, in the Canary Islands. Recovered the bodies of drowned 6, 8 missing (Jan 16, 2003);fuerteventura;El Pais;http://www.elpais.com/articulo/espana/Localizados/Fuerteventura/cadaveres/inmigrantes/desaparecidos/miercoles/elpepuesp/20030118elpepunac_6/Tes;Del grande;571;14;;;Spain;-14.053676;28.358744;Western African route;
1062;17/01/2003 01:00;2003;Found the body of a drowned man on the beach in Ceuta (Jan 17, 2003);ceuta;El Pais;http://www.elpais.com/articulo/espana/Hallados/cadaveres/subsaharianos/playas/Ceuta/Fuerteventura/elpepiesp/20030117elpepinac_11/Tes;Del grande;572;1;;;Spain;-5.324636;35.888384;Western Mediteranean route;
1060;19/01/2003 01:00;2003;4 more bodies found in the waters of Fuerteventura, probably part of the 14 victims of the sinking of 16 January (Jan 19, 2003);fuerteventura;El Pais;http://www.elpais.com/articulo/espana/Localizados/otros/cadaveres/grupo/inmigrantes/naufrago/Canarias/elpepiesp/20030119elpepinac_20/Tes;Del grande;574;4;;;Spain;-14.053676;28.358744;Western African route;
1059;19/01/2003 01:00;2003;18 people drowned off the coast of Tangier. They tried to escape the Moroccan coast guard who had intercepted at dawn (Jan 19, 2003);tangier;BBC News;http://news.bbc.co.uk/1/hi/world/africa/2674307.stm;Del grande;575;18;;;Morocco;-5.8;35.766667;Western Mediteranean route;
1058;19/01/2003 01:00;2003;Shipwreck off the coast of St. Maria di Leuca, Lecce, 6 dead, 23 missing (Jan 19, 2003);leuca;La Repubblica;http://www.repubblica.it/online/cronaca/sbarcotre/lecce/lecce.html;Del grande;576;6;;;Italy;18.356944;39.801;Apulia & Calbria;
1057;03/02/2003 01:00;2003;Found by wetting the corpse of a drowned boy on the beach of Fuente Caballo Ceuta (Feb 3, 2003);ceuta;Abc;http://www.abc.es/hemeroteca/historico-04-02-2003/Nacional/rescatan-de-entre-las-rocas-el-cadaver-de-un-inmigrante-ahogado-en-aguas-de-ceuta_159837.html;Del grande;577;1;;;Spain;-5.324636;35.888384;Western Mediteranean route;
1056;10/02/2003 01:00;2003;Direct vessel sinks in Sicily off the coast of Libya, 9 dead (Feb 10, 2003);sicily;Ansa;http://dea.ansa.it/;Del grande;578;9;;;Libya;14.015356;37.599994;Central Mediteranean route;
1052;25/02/2003 01:00;2003;Found 12 deaths from dehydration in a ship in the Atlantic Ocean. The boat, live in Fuerteventura, had been abandoned by the captain into open sea after an engine failure (Feb 25, 2003);fuerteventura;The Guardian;http://www.guardian.co.uk/international/story/0;Del grande;582;12;;;Spain;-14.053676;28.358744;Western African route;
1050;28/02/2003 01:00;2003;Seven died in a shipwreck in the bay of Kani Keli, Mayotte (Feb 28, 2003);mayotte;Mayotte sans frontires;http://mayottesansfrontieres.blogspot.com/2006_01_01_archive.html;Del grande;584;7;;;Mayotte;45.166244;-12.8275;;
1049;26/03/2003 01:00;2003;1 dead, 1 injured on antipersonnel minefields in Evros, on the northeastern border with Turkey (Mar 26, 2003);evros;Ansa;http://dea.ansa.it/;Del grande;585;2;;;Greece;26.135943;41.244376;Eastern Mediteranean route Land;
1048;31/03/2003 02:00;2003;Intercepted boat adrift for 14 days, 130 miles to the south of the island of El Hierro, in the Canary Islands. Passengers speak of 12 died of starvation. Their bodies were thrown overboard by his companions. A man dies during rescue (Mar 31, 2003);hierro;El Pais;http://www.elpais.com/articulo/espana/Trece/muertos/22/supervivientes/patera/hallada/Hierro/500/kilometros/africa/elpepuesp/20050331elpepunac_2/Tes;Del grande;586;13;;;Spain;-18.024301;27.725499;Western African route;
1044;03/06/2003 02:00;2003;Found the bodies of three men drowned the day before in the waters of Tuineje, Fuerteventura, in the Canary Islands (Jun 3, 2003);fuerteventura;El Pais;http://www.elpais.com/articulo/espana/Hallados/cadaveres/naufragio/ayer/patera/Fuerteventura/elpepuesp/20030603elpepunac_7/Tes;Del grande;590;3;;;Spain;-14.053676;28.358744;Western African route;
1043;06/06/2003 02:00;2003;Small boat collides on the rocks in Salobrena, 2 dead (Jun 6, 2003);salobre;El Mundo;http://www.elmundo.es/elmundo/2003/06/05/sociedad/1054793675.html;Del grande;591;2;;;Spain;-2.549821;38.592861;Western Mediteranean route;
1042;06/06/2003 02:00;2003;Catches fire started from a kwassa kwassa Domains, Anjouan and Mayotte to direct, 4 dead (Jun 6, 2003);mayotte;Mayotte sans frontires;http://mayottesansfrontieres.blogspot.com/2006_01_01_archive.html;Del grande;592;4;;;Comoros;45.166244;-12.8275;;
1041;11/06/2003 02:00;2003;Rescued a boat 800 meters off the coast of Tuineje Fuerteventura in the Canary Islands. During the transhipment boat capsizes and die 9 people. One of the bodies is lost at sea (Jun 11, 2003);fuerteventura;El Pais;http://www.elpais.com/articulo/espana/Hallados/cadaveres/inmigrantes/naufragaron/Fuerteventura/elpepuesp/20030610elpepunac_1/Tes;Del grande;593;9;;;Spain;-14.053676;28.358744;Western African route;
1038;19/06/2003 02:00;2003;According to the Ghanaian embassy in Tripoli, at least 200 young Ghanaians would have died of dehydration crossing the Sahara desert in Niger to enter Libya between January and June 2003 (Jun 19, 2003);tripoli;Modern Ghana;"http://www.modernghana.com/GhanaHome/NewsArchive/news_details.asp?id=VFhwWmVFOVVZejA9&type=&section=&gender=General_News&amp;amp;amp;amp;amp;amp;amp;amp;amp;amp;amp;amp;amp;amp;amp;amp;amp;amp;amp;amp;amp;amp;amp;amp;amp;amp;amp;amp;amp;amp;amp;amp;amp;amp;amp;amp;amp;amp;amp;menu_id=1&menu_id2=0&sub_menu_id=0";Del grande;596;200;;;Libya;13.187507;32.876174;Central Mediteranean route;
1036;25/06/2003 02:00;2003;Found on the beaches of Ceuta the corpse of a man drowned trying to swim to the Spanish enclave (Jun 25, 2003);ceuta;El Pais;http://www.elpais.com/articulo/espana/inmigrantes/mueren/ahogados/Tarifa/Ceuta/otros/86/llegan/costa/elpepiesp/20030625elpepinac_27/Tes;Del grande;598;1;;;Spain;-5.324636;35.888384;Western Mediteranean route;
1034;29/06/2003 02:00;2003;Off Cap Bon sinking boat heading towards Lampedusa, 3 dead, 35 survivors (Jun 29, 2003);lampedusa;La Repubblica;http://www.repubblica.it/online/cronaca/sbarcoquattro/tunisia/tunisia.html;Del grande;600;3;;;Tunisia;12.59292;35.508622;Central Mediteranean route;
1031;15/07/2003 02:00;2003;Found in the waters of the English Channel, the bodies of two men drowned during the crossing to England (Jul 15, 2003);england;Irr;http://docs.google.com/viewer?url=http://www.strangersintocitizens.org.uk/Regularization/Driventodesperatemeasures.pdf;Del grande;603;2;;;Great Britain;-1.17432;52.355518;;
1027;01/08/2003 02:00;2003;Shipwreck off the coast of Fuerteventura, in the Canary Islands. Recovered 10 dead bodies along the coasts of the island (Aug 1, 2003);fuerteventura;El Pais;http://www.elpais.com/articulo/espana/Recuperados/cuerpos/inmigrantes/nuevo/naufragio/Fuerteventura/elpepuesp/20030801elpepunac_6/Tes;Del grande;607;10;;;Spain;-14.053676;28.358744;Western African route;
1025;03/08/2003 02:00;2003;Death of dehydration in the desert 1600 km south of Algiers, in Tamanrasset to Assuf Mellane, 23 people, including 11 women, were directed towards the Mediterranean into Europe, (Aug 3, 2003);algiers;Ansa;http://dea.ansa.it/;Del grande;609;23;;;Algeria;3.042048;36.752887;Western Mediteranean route;
1022;18/08/2003 02:00;2003;In Dorset, is found dead in a truck, crushed by a container, where it was hidden to arrive in England (Aug 18, 2003);england;BBC News;http://news.bbc.co.uk/2/hi/uk_news/england/hampshire/dorset/3158053.stm;Del grande;612;1;;;Great Britain;-1.17432;52.355518;;
1020;31/08/2003 02:00;2003;Rif Raf and direct game to Lampedusa, an overloaded boat sank off. 2 dead, 2 missing (Aug 31, 2003);lampedusa;Di-ve.com (Malta);http://www.di-ve.com/dive/portal/portal.jhtml?id=103449&pid=23;Del grande;614;4;;;Tunisia;12.59292;35.508622;Central Mediteranean route;
1019;08/09/2003 02:00;2003;Landing in Fuerteventura, Canary Islands. A man falls overboard from a boat and drowned (Sep 8, 2003);fuerteventura;El Pais;http://www.elpais.com/articulo/espana/inmigrante/muerto/111/detenidos/Fuerteventura/fin/semana/elpepiesp/20030908elpepinac_8/Tes;Del grande;615;1;;;Spain;-14.053676;28.358744;Western African route;
1017;18/09/2003 02:00;2003;Rescued a ship off the island of Lesbos, at least one woman dies (Sep 18, 2003);lesbos;Turkish Daily News;http://www.turkishdailynews.com.tr/archives.php?id=33723;Del grande;617;1;;;Turkey;26.372171;39.16408;Eastern Mediteranean route Sea;
1013;01/10/2003 02:00;2003;Suffocated two men hidden in a cargo ship Ivorian live in La Coruna (Oct 1, 2003);coruna;Migration News Sheet;http://www.migpolgroup.com/topics/2054.html;Del grande;621;2;;;Spain;-8.41154;43.362344;;
1012;01/10/2003 02:00;2003;Hidden in containers of a cargo ship departed from Guinea, plunge into the sea arrived in the port of Le Havre, 3 drowned (Oct 1, 2003);havre;Liberation;http://www.liberation.fr/page.php?Article=148792;Del grande;622;3;;;France;0.107929;49.49437;;
1011;03/10/2003 02:00;2003;Agent of the Civil Guard kills with a pistol shot a man at the border of Ceuta. The victim was part of a group of migrants were discovered by police while climbing over the networks of the Moroccan border, who began throwing stones at the officers to avoid arrest (Oct 3, 2003);ceuta;El Pais;http://www.elpais.com/articulo/espana/guardia/civil/mata/tiro/marroqui/trataba/cruzar/frontera/Ceuta/elpepuesp/20031003elpepunac_9/Tes;Del grande;623;1;;;Spain;-5.324636;35.888384;Western Mediteranean route;
1010;03/10/2003 02:00;2003;Sinking boat 37 miles south of Lampedusa, 1 drowned (Oct 3, 2003);lampedusa;Ansa;http://dea.ansa.it/;Del grande;624;1;;;Italy;12.59292;35.508622;Central Mediteranean route;
1009;03/10/2003 02:00;2003;It overturns a boat heading to the island of Evia, 5 drowned (Oct 3, 2003);evia;Ansa;http://dea.ansa.it/;Del grande;625;5;;;Greece;23.858474;38.523604;Eastern Mediteranean route Sea;
1008;05/10/2003 02:00;2003;Found the bodies of two men drowned in the Canary Islands, in Bahia Feliz and San Bartolome de Tirajana (Oct 5, 2003);tirajana;El Pais;http://www.elpais.com/articulo/espana/Hallados/cadaveres/inmigrantes/aguas/Canarias/elpepiesp/20031005elpepinac_12/Tes;Del grande;626;2;;;Spain;-15.57903;27.759555;Western African route;
1007;11/10/2003 02:00;2003;Found the body of a man hidden in the undercarriage of a plane landed at Charles de Gaulle airport in Paris (Oct 11, 2003);paris;L'Humanit;http://www.humanite.fr/journal/2003-10-11/2003-10-11-380485;Del grande;627;1;;;France;2.352222;48.856614;;
1006;11/10/2003 02:00;2003;A boat carrying 30 people sank off the coast of Lampedusa. 11 dead, including 3 children (Oct 11, 2003);lampedusa;La Repubblica;http://www.repubblica.it/2003/g/sezioni/cronaca/sbarchi/undici/undici.html;Del grande;628;11;;;Italy;12.59292;35.508622;Central Mediteranean route;
999;27/10/2003 01:00;2003;Two youth drown in Rota, Cadiz, to capsize the boat they were traveling at a hundred meters from the shore (Oct 27, 2003);cadiz;El Pais;http://www.elpais.com/articulo/espana/inmigrantes/mueren/ahogados/playa/Rota/Ceuta/elpepiesp/20031027elpepinac_28/Tes;Del grande;635;2;;;Spain;-6.288596;36.527061;Western Mediteranean route;
998;07/11/2003 01:00;2003;Clinging hidden under a container to travel on a cargo ship bound for Europe from the port of Rades, near Tunis, a man dies crushed by the blades of the machine to load the containers (Nov 7, 2003);tunis;Ansa;http://dea.ansa.it/;Del grande;636;1;;;Tunisia;10.16596;36.81881;Central Mediteranean route;
997;08/11/2003 01:00;2003;A rescue boat adrift for days off the coast of Motril. On board 2 deaths. According to survivors, 8 other young people are drowned by falling into the sea exhausted or diving in a panic (Nov 8, 2003);Motril, spain;El Pais;http://www.elpais.com/articulo/espana/inmigrantes/patera/llego/Motril/murieron/ahogados/elpepiesp/20031113elpepinac_13/Tes;Del grande;637;2;;;Spain;-3.516861;36.748374;Western Mediteranean route;
996;11/11/2003 01:00;2003;Rescued by fishermen off the coast of Pantelleria boat of luck. Above are 6 Iraqi refugees. 1 is dead. 3 others hospitalized in serious condition (Nov 11, 2003);pantelleria;Il Manifesto;http://www.meltingpot.org/articolo1334.html;Del grande;638;1;;;Italy;11.940496;36.828221;Central Mediteranean route;
995;13/11/2003 01:00;2003;Recovered the bodies of two drowned men along the Libyan coast (Nov 13, 2003);libyan;Pana;http://www.libya-watanona.com/news/n2003/nov/1103nwsc.htm;Del grande;639;2;;;Libya;17.228331;26.3351;;
994;16/11/2003 01:00;2003;Recovered along the beaches of El Puerto de Santa Maria, Cadiz, the corpse in an advanced state of decomposition of a drowned man (Nov 16, 2003);cadiz;El Pais;http://www.elpais.com/articulo/espana/Hallan/cadaver/zona/proxima/lugar/naufrago/patera/Rota/elpepuesp/20031116elpepunac_5/Tes;Del grande;640;1;;;Spain;-6.288596;36.527061;Western Mediteranean route;
992;03/12/2003 01:00;2003;Boat rescued 37 kilometers south of the island of Fuerteventura, in the Canary Islands. During the operations of the approaching boat capsizes. 15 men die drowned, their bodies are scattered in the sea (Dec 3, 2003);fuerteventura;El Pais;http://www.elpais.com/articulo/espana/Quince/inmigrantes/desaparecen/mar/durante/rescate/patera/Fuerteventura/elpepunac/20031203elpepinac_25/Tes;Del grande;642;15;;;Spain;-14.053676;28.358744;Western African route;
991;04/12/2003 01:00;2003;The fishing boat from Mazara Marcant Antonio I recovered at sea the body of a man who drowned off Lampedusa (Dec 4, 2003);lampedusa;Ansa;http://dea.ansa.it/;Del grande;643;1;;;Italy;12.59292;35.508622;Central Mediteranean route;
990;05/12/2003 01:00;2003;Recovered the bodies of 10 drowned in a shipwreck off the coast of Motril, Granada (Dec 5, 2003);granada;El Pais;http://www.elpais.com/articulo/espana/Infierno/bordo/patera/costas/Granada/elpepiesp/20031205elpepinac_13/Tes;Del grande;644;10;;;Spain;-3.598557;37.177336;Western Mediteranean route;
988;03/01/2004 01:00;2004;Port of Pasaia. Found the bodies of two young people who died in a compartment of the hold where they had hidden on a cargo ship departed from Cameroon (Jan 3, 2004);pasaia;El Pais;http://www.elpais.com/articulo/espana/Hallado/cadaver/segundo/inmigrante/buque/Apollo/Lion/elpepiesp/20040103elpepinac_14/Tes;Del grande;646;2;;;Spain;-1.93014;43.32547;;
987;12/01/2004 01:00;2004;Near Durres wrecked a boat party from Vlora. 21 dead, 11 survivors, many missing. A second boat bound for Italy has lost all trace (Jan 12, 2004);vlora;Il Manifesto;http://www.meltingpot.org/articolo1766.html;Del grande;647;21;;;Albania;19.490219;40.471882;;
981;05/02/2004 01:00;2004;Found the corpses in an advanced state of decomposition of 2 men hidden on a cargo ship docked at the port of Hull Ghanaian (Feb 5, 2004);ghana;Bbc;http://news.bbc.co.uk/2/hi/uk_news/england/humber/3464703.stm;Del grande;653;2;;;Great Britain;-1.023194;7.946527;;
980;15/02/2004 01:00;2004;15 dead, 3 missing at sea after a boat direct to the Canary Islands spills in the waters of Laayoun (Feb 15, 2004);laayoun;Alter Forum;http://docs.google.com/viewer?url=http://www.aedh.eu/fichiers/Rapport%20annexe%20_bis_%20-fr.pdf;Del grande;654;18;;;Sahara;-13.203333;27.153611;Western African route;
979;22/02/2004 01:00;2004;A group tries to climb over the fence of the frontier of Melilla. The Moroccan soldiers shoot. A young man is shot in the head and dies (Feb 22, 2004);melilla;Msf;http://docs.google.com/viewer?url=http://www.meltingpot.org/IMG/pdf/Report_MoroccoENG_DFF.pdf;Del grande;655;1;;;Morocco;-2.938097;35.292278;Western Mediteranean route;
976;29/03/2004 02:00;2004;Shipwreck on the routes between Anjouan and Mayotte, 13 missing (Mar 29, 2004);mayotte;Mayotte sans frontires;http://mayottesansfrontieres.blogspot.com/2006_01_01_archive.html;Del grande;658;13;;;Mayotte;45.166244;-12.8275;;
975;01/04/2004 02:00;2004;2 youth killed by the gunfire of the Moroccan auxiliary forces in an attempt to climb over the barrier along the border of Melilla (Apr 1, 2004);melilla;Amnesty International;http://web.amnesty.org/library/Index/ENGEUR410112005;Del grande;659;2;;;Morocco;-2.938097;35.292278;Western Mediteranean route;
973;12/04/2004 02:00;2004;Recovered from the waters of Dakhla the bodies of 12 men drowned in a shipwreck just left for the Canary Islands (Apr 12, 2004);dakhla;Apdha;http://docs.google.com/viewer?url=http://www.aedh.eu/fichiers/Rapport%20annexe%20_bis_%20-fr.pdf;Del grande;661;12;;;Sahara;-15.93698;23.69751;Western African route;
971;23/04/2004 02:00;2004;Found the body of a girl along the beaches of Las Chuchas, in Motril, Granada (Apr 23, 2004);granada;El Pais;http://www.elpais.com/articulo/espana/inmigrante/muere/desembarcar/playa/Granada/elpepiesp/20040423elpepinac_32/Tes;Del grande;663;1;;;Spain;-3.598557;37.177336;Western Mediteranean route;
965;20/05/2004 02:00;2004;5 found dead in the hold of the Liberian merchant Nathalie Bolder party from the Ivory Coast and directed the Canary Islands, on which were hidden (May 20, 2004);canary;El Pais;http://www.elpais.com/articulo/espana/mercante/procedente/Costa/Marfil/llega/Canarias/polizones/muertos/elpepiesp/20040522elpepinac_18/Tes;Del grande;669;5;;;Spain;-16.62913;28.291564;Western African route;
962;02/06/2004 02:00;2004;A truck carrying 110 people capsizes in an accident in Kozluk, Batman. A man dies, 61 wounded (Jun 2, 2004);Kozluk, Batman, turkey;Turkish Daily News;http://www.turkishdailynews.com.tr/archives.php?id=36646;Del grande;672;1;;;Turkey;41.493993;38.177296;;
960;07/06/2004 02:00;2004;Found the remains of 13 men drowned, along the shores of the islet of Koufonissi, south of Crete (Jun 7, 2004);crete;Kathimerini;http://www.ekathimerini.com/4dcgi/news/content.asp?aid=43633;Del grande;674;13;;;Greece;24.809269;35.240117;Eastern Mediteranean route Sea;
957;02/07/2004 02:00;2004;Shipwreck in the Sicilian Channel, 30 dead (Jul 2, 2004);sicily;La Repubblica;http://archivio.repubblica.extra.kataweb.it/archivio;Del grande;677;30;;;Italy;14.015356;37.599994;Central Mediteranean route;
954;01/08/2004 02:00;2004;Off the coast of Cadiz sinks a ship, 5 bodies recovered, 25 missing (Aug 1, 2004);cadiz;Rainews24;http://www.rainews24.it/Notizia.asp?NewsID=48429;Del grande;680;30;;;Spain;-6.288596;36.527061;Western Mediteranean route;
953;06/08/2004 02:00;2004;One dead and 4 wounded on antipersonnel minefields in Evros in north-eastern border with Turkey (Aug 6, 2004);evros;Ansa;http://dea.ansa.it/;Del grande;681;4;;;Greece;26.135943;41.244376;Eastern Mediteranean route Land;
951;10/08/2004 02:00;2004;Sicily Channel: missing for two days two boats with 41 Somali (Aug 10, 2004);sicily;La Repubblica;http://archivio.repubblica.extra.kataweb.it/archivio;Del grande;683;41;;;Italy;14.015356;37.599994;Central Mediteranean route;
950;10/08/2004 02:00;2004;Found the body of a drowned man along the beaches of Algeciras (Aug 10, 2004);algeciras;El Pais;http://www.elpais.com/articulo/espana/Interceptados/109/papeles/elpepiesp/20040810elpepinac_12/Tes;Del grande;684;1;;;Spain;-5.453909;36.132977;Western Mediteranean route;
947;21/08/2004 02:00;2004;Landing in Fuerteventura. At 20 meters from the shore passengers jumping into the water to touch believing. 4 of them die drowned not knowing to swim (Aug 21, 2004);fuerteventura;El Pais;http://www.elpais.com/articulo/espana/inmigrantes/papeles/mueren/volcar/patera/metros/costa/canaria/elpepuesp/20040821elpepunac_4/Tes;Del grande;687;4;;;Spain;-14.053676;28.358744;Western African route;
946;22/08/2004 02:00;2004;Recovered the bodies of two men drowned off the coast of Motril, near Granada, and Los Barrios, near Cadiz (Aug 22, 2004);barrios;El Pais;http://www.elpais.com/articulo/andalucia/Detenidos/197/inmigrantes/recuperados/cadaveres/elpepuespand/20040822elpand_2/Tes;Del grande;688;2;;;Spain;-8.185424;43.351149;;
943;30/08/2004 02:00;2004;Expelled from Libya and abandoned to the Egyptian border, 2 people died from the heat (Aug 30, 2004);egypt;Whashington Times;http://washingtontimes.com/upi-breaking/20040829-095857-9521r.htm;Del grande;691;2;;;Libya;30.802498;26.820553;;
942;31/08/2004 02:00;2004;Found in the waters of the port of Algeciras the body of a drowned man (Aug 31, 2004);algeciras;El Pais;http://www.elpais.com/articulo/espana/Interceptados/220/papeles/Andalucia/Fuerteventura/elpepiesp/20040831elpepinac_12/Tes;Del grande;692;1;;;Spain;-5.453909;36.132977;Western Mediteranean route;
941;03/09/2004 02:00;2004;Fished in the waters of Tangier, the bodies of two castaways (Sep 3, 2004);tangier;Apdha;http://docs.google.com/viewer?url=http://www.december18.net/web/docpapers/doc2321.pdf;Del grande;693;1;;;Spain;-5.8;35.766667;Western Mediteranean route;
940;04/09/2004 02:00;2004;Recovered the corpse of a drowned man along the beaches of Ceuta in Benz (Sep 4, 2004);ceuta;El Pais;http://www.elpais.com/articulo/espana/numero/inmigrantes/llegados/patera/ha/descendido/va/ano/elpepiesp/20040904elpepinac_11/Tes;Del grande;694;1;;;Spain;-5.324636;35.888384;Western Mediteranean route;
938;10/09/2004 02:00;2004;Melilla found the body of a drowned man, Hipica along the beach, a few hundred meters from the Moroccan port of Beni-Enzar (Sep 10, 2004);melilla;Apdha;http://docs.google.com/viewer?url=http://www.december18.net/web/docpapers/doc2321.pdf;Del grande;696;1;;;Spain;-2.938097;35.292278;Western Mediteranean route;
936;15/09/2004 02:00;2004;Found along the coast of Lesvos 5 corpses (Sep 15, 2004);lesvos;Kathimerini;http://www.ekathimerini.com/4dcgi/_w_articles_politics_100023_15/09/2004_47310;Del grande;698;5;;;Greece;26.372171;39.16408;Eastern Mediteranean route Sea;
935;21/09/2004 02:00;2004;Off Klibia, sinking a small boat. 5 missing (Sep 21, 2004);Klibia;Afrology;http://www.afrology.com/soc/immigrer.html;Del grande;699;5;;;Tunisia;11.1;36.85;Central Mediteranean route;
934;24/09/2004 02:00;2004;The Tunisian coast guard found 4 dead on board a barge directly in Italy, a fifth person is dying (Sep 24, 2004);tunis;Tunezine;http://www.tunezine.com/breve.php3?id_breve=395;Del grande;700;5;;;Tunisia;10.16596;36.81881;Central Mediteranean route;
932;03/10/2004 02:00;2004;Shipwreck off the coast of Chott Meriem: 62 bodies recovered, 2 missing (Oct 3, 2004);Chott Meriem, tunisia;Tunezine;http://www.tunezine.com/breve.php3?id_breve=738;Del grande;702;64;;;Tunisia;10.560222;35.91507;Central Mediteranean route;
931;06/10/2004 02:00;2004;Minefield in Evros, greek-turkish border. An explosion ago 1 dead. He tried to enter illegally in Greece (Oct 6, 2004);evros;DerStandard;http://derstandard.at/?url=/?id=1814062;Del grande;703;1;;;Greece;26.135943;41.244376;Eastern Mediteranean route Land;
930;07/10/2004 02:00;2004;Shipwreck off Bizerbe, 2 missing (Oct 7, 2004);Bizerte, tunisia;Tunezine;http://www.tunezine.com/breve.php3?id_breve=574;Del grande;704;2;;;Tunisia;9.873071;37.27626;Central Mediteranean route;
929;08/10/2004 02:00;2004;The Libyan authorities claim to have returned to Niger in September, about 5,000 illegal immigrants in trucks. According to the gendarmerie of Agadez (Niger), in a crash in the Sahara 12 people died and 50 were seriously injured (Oct 8, 2004);agadez;Ansa;http://dea.ansa.it/;Del grande;705;12;;;Niger;7.983333;16.966667;;
928;15/10/2004 02:00;2004;Shipwreck off Lampedusa: 1 dead, 1 missing (Oct 15, 2004);lampedusa;Corsera;http://www.meltingpot.org/articolo3909.html;Del grande;706;2;;;Italy;12.59292;35.508622;Central Mediteranean route;
927;17/10/2004 02:00;2004;Found south of Tarfaya the bodies of 26 young men drowned in a shipwreck (Oct 17, 2004);tarfaya;Abc;http://www.abc.es/hemeroteca/historico-17-10-2004/Nacional/una-veintena-de-cadaveres-desvela-el-naufragio-de-una-patera-frente-a-canarias_9624225731268.html;Del grande;707;1;;;Sahara;-12.91871;27.93556;Western African route;
926;02/11/2004 01:00;2004;Boy dies suffocated, he was hiding in a Dutch container loaded on a ferry greek direct to Ancona (Nov 2, 2004);ancona;Kathimerini;http://www.ekathimerini.com/4dcgi/_w_articles_politics_100022_01/11/2004_48985;Del grande;708;1;;;Greece;13.518915;43.61583;;
925;11/11/2004 01:00;2004;A small boat is turned upside down. 11 dead and 6 missing (Nov 11, 2004);Turkey;Xinhuanet;http://news.xinhuanet.com/english/2004-11/13/content_2212184.htm;Del grande;709;17;;;Turkey;35.243322;38.963745;;
924;12/11/2004 01:00;2004;Off the Canary Islands, a boat overturns, 7 killed (Nov 12, 2004);canary;El Pais;http://www.elpais.com/articulo/espana/Desaparecen/inmigrantes/naufragar/patera/frente/costa/Fuerteventura/elpepuesp/20041112elpepunac_8/Tes;Del grande;710;7;;;Spain;-16.62913;28.291564;Western African route;
923;14/11/2004 01:00;2004;Off Tripoli two ships in distress are sinking. 5 dead (Nov 14, 2004);tripoli;News24;http://www.news24.com/News24/Africa/News/0;Del grande;711;5;;;Libya;13.187507;32.876174;Central Mediteranean route;
917;03/12/2004 01:00;2004;Tips at the time of the rescue boat off the coast of Fuerteventura, in the Canary Islands, 4 drowned, their bodies lost at sea (Dec 3, 2004);fuerteventura;El Pais;http://www.elpais.com/articulo/espana/inmigrantes/desaparecen/naufragar/pateras/costas/Fuerteventura/elpepuesp/20041204elpepunac_3/Tes;Del grande;717;4;;;Spain;-14.053676;28.358744;Western African route;
916;07/12/2004 01:00;2004;Minefield in Evros, greek-turkish border. An explosion ago 2 deaths. They tried to enter illegally in Greece (Dec 7, 2004);evros;Kathimerini;http://www.ekathimerini.com/4dcgi/_w_articles_politics_100013_06/12/2004_50387;Del grande;718;2;;;Greece;26.135943;41.244376;Eastern Mediteranean route Land;
915;11/12/2004 01:00;2004;Sink a small boat near Samos. 3 dead (Dec 11, 2004);samos;The Australian;http://www.theaustralian.news.com.au/common/story_page/0;Del grande;719;3;;;Greece;26.820351;37.743215;Eastern Mediteranean route Sea;
914;15/12/2004 01:00;2004;Found a body on the coast of the Greek island Barbalia (Dec 15, 2004);Barbalia, greece;Kathimerini;http://www.ekathimerini.com/4dcgi/_w_articles_politics_100020_15/12/2004_50735;Del grande;720;1;;;Greece;26.437219;39.309142;Eastern Mediteranean route Sea;
913;16/12/2004 01:00;2004;Found a body on the coast of Malta, who probably died during the last landing of 90 people on the island (Dec 16, 2004);malta;La Repubblica;http://www.meltingpot.org/articolo4378.html;Del grande;721;1;;;Malta;14.375416;35.937496;Central Mediteranean route;
911;22/12/2004 01:00;2004;It sinks in Martil Tetouan boat heading to Spain. At least 20 missing (Dec 22, 2004);tetouan;Ahdath Magribia;http://docs.google.com/viewer?url=http://www.aedh.eu/fichiers/Rapport%20annexe%20_bis_%20-fr.pdf;Del grande;723;20;;;Morocco;-5.368435;35.57621;Western Mediteranean route;
910;22/12/2004 01:00;2004;A man dies of cold in an attempt to cross the Turkish border on foot in the mountains of Gurpinar in the eastern province of Van (Dec 22, 2004);Gurpinar, van, turkey;Turkish Press;http://archive.turkishpress.com/news.asp?id=35277;Del grande;724;1;;;Turkey;43.389597;38.321027;;
908;23/12/2004 01:00;2004;Rescued boat in the waters of Fuerteventura, in the Canary Islands. On board 2 dead (Dec 23, 2004);fuerteventura;El Pais;http://www.elpais.com/articulo/espana/Hallados/muertos/inmigrantes/patera/deriva/cerca/Fuerteventura/elpepuesp/20041222elpepunac_13/Tes;Del grande;726;2;;;Spain;-14.053676;28.358744;Western African route;
906;26/12/2004 01:00;2004;Scattered off the Canary Islands, a boat with thirty passengers on board. A man had reported a drift boat, and the boat itself had referred the migrants rescued December 24 (Dec 26, 2004);canary;El Pais;http://www.elpais.com/articulo/espana/helicoptero/busca/barca/elpepiesp/20041226elpepinac_8/Tes;Del grande;728;30;;;Spain;-16.62913;28.291564;Western African route;
903;01/01/2005 01:00;2005;Landing in Lanzarote, 1 dead (Jan 1, 2005);lanzarote;El Mundo;http://www.elmundo.es/elmundo/2005/01/01/sociedad/1104577434.html;Del grande;731;1;;;Spain;-13.589973;29.046854;Western African route;
;02/01/2005 00:00;2005;died crossing the Oder/Neisse border (suicide possible). German police did not record the precise date.;;German Federal Police;;;;3;Germany;Poland;Germany;14.197083;52.825559;;drowned
902;03/01/2005 01:00;2005;A ship bound for Greece tips off the Turkish coast. 2 dead, 1 missing (Jan 3, 2005);Turkey;Turkish Press;http://www.turkishpress.com/news.asp?ID=35527;Del grande;732;3;;;Turkey;35.243322;38.963745;;
901;06/01/2005 01:00;2005;Rescued a boat landed in Fuerteventura, 1 dead (Jan 6, 2005);fuerteventura;El Pais;http://www.elpais.com/articulo/espana/Dramatico/rescate/90/inmigrantes/costa/Fuerteventura/elpepiesp/20050106elpepinac_22/Tes;Del grande;733;1;;;Spain;-14.053676;28.358744;Western African route;
900;10/01/2005 01:00;2005;Sink a small boat to the island Samos in the Aegean Sea live. 3 dead, 13 survivors were arrested (Jan 10, 2005);samos;The Australian;http://www.theaustralian.news.com.au/common/story_page/0;Del grande;734;3;;;Greece;26.820351;37.743215;Eastern Mediteranean route Sea;
897;22/02/2005 01:00;2005;Landing in Almeria, one of the passengers died of hypothermia (Feb 22, 2005);almeria;El Pais;http://www.elpais.com/articulo/espana/Muere/inmigrante/hipotermia/llegar/otros/patera/Almeria/elpepiesp/20050222elpepinac_22/Tes;Del grande;737;1;;;Spain;-2.463714;36.834047;Western Mediteranean route;
895;26/02/2005 01:00;2005;Boat rescued 60 miles north of Cap Falcon, Oran. 2 dead on board (Feb 26, 2005);oran;Algeria watch;http://www.algeria-watch.org/fr/mrv/mrvref/clandestins_morts.htm;Del grande;739;2;;;Algeria;-0.633056;35.696944;Western Mediteranean route;
894;27/02/2005 01:00;2005;Found the body of a woman drowned in Punta Acebuche, Algeciras, Cadiz (Feb 27, 2005);algeciras;El Periodico Mediterraneo;http://www.elperiodicomediterraneo.com/noticias/noticia.asp?pkid=150288;Del grande;740;1;;;Spain;-5.453909;36.132977;Western Mediteranean route;
893;07/03/2005 01:00;2005;36 died in a shipwreck south of Mayotte, between Sada and Bouni, a kwassa kwassa party from Anjouan (Mar 7, 2005);sada;Mayotte sans frontires;http://mayottesansfrontieres.blogspot.com/2006_01_01_archive.html;Del grande;741;36;;;France;-8.255738;43.355524;;
892;12/03/2005 01:00;2005;Fished at sea in the waters of Foum el Oeud, near Laayoun, the bodies of 30 men drowned in a shipwreck on the routes to the Canary Islands (Mar 12, 2005);laayoun;Afvic;http://www.resaq.org/article.php3?id_article=349;Del grande;742;30;;;Sahara;-13.203333;27.153611;Western African route;
891;24/03/2005 01:00;2005;Missing a boat off the coast of Lampedusa, some 100 people on board, ignored the alarm raised by a fisherman Mazzara (Mar 24, 2005);mazzara;La Repubblica;http://www.repubblica.it/2005/c/sezioni/cronaca/sbarchi/peschereccio/peschereccio.html;Del grande;743;100;;;Italy;13.180775;37.969674;Central Mediteranean route;
889;24/03/2005 01:00;2005;Ragusa, Sicily smugglers throw passengers overboard to avoid detection of the Italian patrol boats. 6 dead, 3 missing (Mar 24, 2005);ragusa;Rainews24;http://www.rainews24.it/Notizia.asp_NewsID=53288;Del grande;745;9;;;Italy;14.725513;36.926927;Central Mediteranean route;
887;11/04/2005 02:00;2005;Rescued off the coast of Oran boat adrift for nine days, had left al-Hoceima, Morocco to Spain. On board 24 survivors and two dead bodies, but they had started in 42. Probably thrown overboard by his companions the bodies of 16 more victims (Apr 11, 2005);oran;Algeria Watch;http://www.algeria-watch.org/fr/mrv/mrvref/pateras_perdue.htm;Del grande;747;18;;;Algeria;-0.633056;35.696944;Western Mediteranean route;
886;12/04/2005 02:00;2005;Off the Canary Islands sinking two ships. At least 14 dead (Apr 12, 2005);canary;Rainews24;http://www.rainews24.it/Notizia.asp?NewsID=46646;Del grande;748;14;;;Spain;-16.62913;28.291564;Western African route;
885;13/04/2005 02:00;2005;2 found dead in the sea in the Strait of Sicily (Apr 13, 2005);sicily;Times of Malta;http://www.timesofmalta.com/core/article.php?id=183634;Del grande;749;2;;;Malta;14.015356;37.599994;Central Mediteranean route;
883;15/04/2005 02:00;2005;A minibus load of migrants fleeing a checkpoint in Muradiye Van. Police fire. One dead and 3 injured (Apr 15, 2005);Muradiye, Van, Turkey;Turkish Press;http://archive.turkishpress.com/news.asp?id=40363;Del grande;751;1;;;Turkey;43.768056;38.994722;;
882;19/04/2005 02:00;2005;Ship rescued in Tarifa, 1 child dead (Apr 19, 2005);tarifa;El Mundo;http://www.elmundo.es/elmundo/2005/04/19/sociedad/1113896732.html;Del grande;752;1;;;Spain;-5.600819;36.018776;Western Mediteranean route;
881;26/04/2005 02:00;2005;Boat rescued off the island Farmakonisi, 2 missing (Apr 26, 2005);farmakonisi;Kathimerini;http://www.ekathimerini.com/4dcgi/_w_articles_politics_100008_26/04/2005_55702;Del grande;753;2;;;Greece;27.088338;37.282956;Eastern Mediteranean route Sea;
880;26/04/2005 02:00;2005;Small boat rammed by a freighter off the coast of Chios, 2 dead and 5 injured (Apr 26, 2005);chios;Kathimerini;http://www.ekathimerini.com/4dcgi/_w_articles_politics_100008_26/04/2005_55702;Del grande;754;2;;;Greece;26.136346;38.370981;Eastern Mediteranean route Sea;
878;03/05/2005 02:00;2005;Ship rescued off the Canary Islands, 1 died on board (May 3, 2005);canary;El Mundo;http://www.elmundo.es/elmundo/2005/05/03/sociedad/1115114476.html;Del grande;756;1;;;Spain;-16.62913;28.291564;Western African route;
877;16/05/2005 02:00;2005;Sinking a ship sailed from Libya, 14 dead, 3 missing (May 16, 2005);libya;Il Manifesto;http://www.associazioneantigone.it/cpta/rassegnastampa/read.asp?newsID=622;Del grande;757;17;;;Libya;17.228331;26.3351;;
875;26/05/2005 02:00;2005;Found 300 meters from the beach of Benz, Ceuta, the corpse of a young man drowned trying to swim to the Spanish enclave (May 26, 2005);ceuta;Abc;http://www.abc.es/hemeroteca/historico-26-05-2005/Nacional/muere-ahogado-un-inmigrante-que-pretendia-alcanzar-ceuta-nadando_202717631122.html;Del grande;759;1;;;Spain;-5.324636;35.888384;Western Mediteranean route;
873;30/05/2005 02:00;2005;It sinks off Ayvacik, near Canakkale, a boat heading to Greece, 4 missing (May 30, 2005);ayvacik;Turkish Press;http://archive.turkishpress.com/news.asp?id=42917;Del grande;761;4;;;Turkey;26.40086;39.599541;Eastern Mediteranean route Sea;
872;04/06/2005 02:00;2005;2 drowned trying to swim to the beach Benz, the Spanish enclave of Ceuta (Jun 4, 2005);ceuta;El Pais;http://www.elpais.com/articulo/andalucia/asociacion/censura/98/muertes/2005/Estrecho/elpepuespand/20060121elpand_3/Tes;Del grande;762;2;;;Morocco;-5.324636;35.888384;Western Mediteranean route;
870;15/06/2005 02:00;2005;Found in the sea 5 km south of Mogan, Gran Canaria island, the corpse of a drowned girl pregnant in her sixth month (Jun 15, 2005);canaria;El Pais;http://www.elpais.com/articulo/espana/Interceptada/Cadiz/patera/65/inmigrantes/embarazadas/bebes/elpepuesp/20050615elpepunac_6/Tes;Del grande;764;1;;;Spain;-16.62913;28.291564;Western African route;
869;16/06/2005 02:00;2005;3 drowned along the river Oder-Neisse border Poland-Germany. Recovered at the same time the body of a man found dead on the border between Germany, Austria and the Czech Republic (Jun 16, 2005);neisse;Ministero interni tedesco;http://www.bmi.bund.de/;Del grande;765;3;;;Germany;17.329586;50.482286;;
868;16/06/2005 02:00;2005;Hidden on a Dutch ship live in Greece, the captain discovers them and throws them overboard. 2 men drowned (Jun 16, 2005);Greece;Migration News Sheet;http://www.migpolgroup.com/topics/2054.html;Del grande;766;2;;;Greece;21.824312;39.074208;;
867;16/06/2005 02:00;2005;4 drowned trying to cross the Danube into Austria from Slovakia (Jun 16, 2005);slovakia;Zweites Deutsches Fernsehen;http://www.zdf.de/;Del grande;767;4;;;Austria;19.699024;48.669026;;
866;17/06/2005 02:00;2005;11 died in the sinking of a kwass kwassa party from Anjouan and sunk north of Mayotte, between Acoua and M'Tsangamouji (Jun 17, 2005);mayotte;Mayotte sans frontires;http://mayottesansfrontieres.blogspot.com/2006_01_01_archive.html;Del grande;768;11;;;Mayotte;45.166244;-12.8275;;
865;18/06/2005 02:00;2005;Returning from Libya remains a jeep broke down more than 300 km from Agadez. Two of the 16 passengers march on foot to a hundred kilometers to the oasis dell'Arbre du Tnr. The other 14 die of dehydration (Jun 18, 2005);agadez;Le Monde Diplomatique;http://www.monde-diplomatique.fr/2001/09/BENSAAD/15645;Del grande;769;14;;;Niger;7.983333;16.966667;;
864;19/06/2005 02:00;2005;Three men died poisoned by the fumes of the cargo ship on which they traveled to Denmark hidden (Jun 19, 2005);Denmark;Basler Zeitung;http://www.baz.ch/;Del grande;770;3;;;Denmark;9.501785;56.26392;;
863;20/06/2005 02:00;2005;Rescued by boat drifting 10 days off of Gran Canaria, in the Canary Islands. 11 people died on the journey and their bodies thrown overboard by his companions. Another man dies of a heart attack just landed (Jun 20, 2005);canary;El Mundo;http://www.elmundo.es/elmundo/2005/06/18/sociedad/1119085224.html;Del grande;771;12;;;Spain;-16.62913;28.291564;Western African route;
860;04/07/2005 02:00;2005;Vicenza: 2 people found dead in truck in which they were traveling hidden (Jul 4, 2005);Vicenza, italy;La Repubblica;http://www.repubblica.it/2005/f/sezioni/cronaca/lampd/tirclan/tirclan.html;Del grande;774;2;;;Italy;11.535421;45.545479;;
859;11/07/2005 02:00;2005;Shipwreck off Malta, 7 missing (Jul 11, 2005);malta;Il Manifesto;http://www.associazioneantigone.it/cpta/rassegnastampa/read.asp?newsID=739;Del grande;775;7;;;Malta;14.375416;35.937496;Central Mediteranean route;
855;02/08/2005 02:00;2005;A young man dies killed by a police bullet on the beach Mrirt, Nador. The soldiers were shooting to prevent a group of emigrants to embark on a boat for Spain (Aug 2, 2005);Mrirt, Nador, morocco;Afvic;http://www.atmf.ras.eu.org/article.php3?id_article=513;Del grande;779;1;;;Morocco;-2.933333;35.166667;Western Mediteranean route;
854;03/08/2005 02:00;2005;Brussels, 1 found dead in the undercarriage of a plane of Morocco (Aug 3, 2005);brussels;Agi;http://www.kataweb.it/news/index.jsp?s=nazionali&l=dettaglio&id=1052217;Del grande;780;1;;;Belgium;4.35171;50.85034;;
853;05/08/2005 02:00;2005;Dispersed boat in the Strait of Sicily, 130 people on board, had asked for help with a mobile satellite (Aug 5, 2005);sicily;La Repubblica;http://www.repubblica.it/2005/h/sezioni/cronaca/sbarchinuovi2/sbarchinuovi2/sbarchinuovi2.html;Del grande;781;130;;;Italy;14.015356;37.599994;Central Mediteranean route;
852;06/08/2005 02:00;2005;Shipwrecked boat direct to the Canaries. 23 dead bodies recovered (Aug 6, 2005);canaries;El Mundo;http://www.elmundo.es/elmundo/2005/08/06/sociedad/1123320437.html;Del grande;782;23;;;Morocco;-16.62913;28.291564;Western African route;
851;08/08/2005 02:00;2005;Sinking boat off the coast of Crete immediate relief. 1 dead (Aug 8, 2005);crete;Kathimerini;http://www.ekathimerini.com/4dcgi/news/content.asp?aid=59437;Del grande;783;1;;;Greece;24.809269;35.240117;Eastern Mediteranean route Sea;
849;16/08/2005 02:00;2005;Rescued boat to Tenerife Largo, on board 2 dead (Aug 16, 2005);tenerife;El Mundo;http://www.elmundo.es/elmundo/2005/08/16/sociedad/1124151018.html;Del grande;785;2;;;Spain;-16.62913;28.291564;Western African route;
848;22/08/2005 02:00;2005;25 died in a shipwreck on the routes between Anjouan and Mayotte (Aug 22, 2005);mayotte;Mayotte sans frontires;http://mayottesansfrontieres.blogspot.com/2006_01_01_archive.html;Del grande;786;25;;;Mayotte;45.166244;-12.8275;;
845;02/09/2005 02:00;2005;1 dead in Melilla, killed, according to witnesses, by the Guardia Civil (Sep 2, 2005);melilla;El Mundo;http://www.elmundo.es/elmundo/2005/09/02/espana/1125644428.html;Del grande;789;1;;;Morocco;-2.938097;35.292278;Western Mediteranean route;
844;10/09/2005 02:00;2005;Hidden in the back of a truck, muoino 4 people in a car accident. They were attempting to enter Greece illegally (Sep 10, 2005);Greece;Kathimerini;http://www.ekathimerini.com/4dcgi/news/content.asp?aid=60613;Del grande;790;4;;;Greece;21.824312;39.074208;;
843;11/09/2005 02:00;2005;Stranded boat near Gela, Sicily, in 170 on board were forced to jump overboard. 11 dead, 10 missing (Sep 11, 2005);gela;La Repubblica;http://www.repubblica.it/2005/i/sezioni/cronaca/sbarchi3/sbarchi3/sbarchi3.html;Del grande;791;21;;;Italy;14.240354;37.074153;Central Mediteranean route;
842;12/09/2005 02:00;2005;Dead boy injured trying to cross the barriers of the Spanish border in Melilla in Morocco (Sep 12, 2005);melilla;El Mundo;http://www.elmundo.es/elmundo/2005/09/15/sociedad/1126802789.html;Del grande;792;1;;;Morocco;-2.938097;35.292278;Western Mediteranean route;
841;13/09/2005 02:00;2005;Macedonian police shooting of a woman trying to illegally cross the border with Greece. Badly injured (Sep 13, 2005);Macedonia;Kathimerini;http://www.ekathimerini.com/4dcgi/news/content.asp?aid=60683;Del grande;793;1;;;Macedonia;21.745275;41.608635;;
840;13/09/2005 02:00;2005;1 found dead on the beach in Agrigento, Sicily (Sep 13, 2005);agrigento;Il Manifesto;http://www.meltingpot.org/articolo5883.html;Del grande;794;1;;;Italy;13.576548;37.31109;Central Mediteranean route;
839;15/09/2005 02:00;2005;Sinking a boat heading to Greece in the Gulf of Saros, 4 dead (Sep 15, 2005);saros;Turkish Press;http://archive.turkishpress.com/news.asp?id=71184;Del grande;795;4;;;Turkey;24.929615;45.928847;;
838;15/09/2005 02:00;2005;Assault on the barriers of the Spanish border in Melilla, Morocco. A young man dies hit by a rubber bullet fired by the Guardia Civil. Another man lost his life after serious injuries in a crash while fleeing from the men of the Moroccan armed forces (Sep 15, 2005);melilla;Ardh;http://docs.google.com/viewer?url=http://www.apdha.org/participa/documentos/indormeddhhrif06.doc;Del grande;796;1;;;Morocco;-2.938097;35.292278;Western Mediteranean route;
835;23/09/2005 02:00;2005;A truck carrying immigrants falls into a ravine after an accident in the province of Erzurum: 6 dead and 50 injured (Sep 23, 2005);Erzurum;Turkish Press;http://archive.turkishpress.com/news.asp?id=71818;Del grande;799;6;;;Turkey;41.27;39.9;;
834;24/09/2005 02:00;2005;Vessel in distress rescued off Lampedusa, 6 missing (Sep 24, 2005);lampedusa;La Repubblica;http://www.repubblica.it/2005/i/sezioni/cronaca/sbarchi3/libialampe/libialampe.html;Del grande;800;6;;;Italy;12.59292;35.508622;Central Mediteranean route;
833;28/09/2005 02:00;2005;It sinks off the coast of Cyprus a ship sailed from Mersin in Turkey and live in Greece, 1 dead and 33 missing (Sep 28, 2005);cyprus;Turkish Press;http://archive.turkishpress.com/news.asp?id=72399;Del grande;801;1;;;Turkey;33.429859;35.126413;;
831;01/10/2005 02:00;2005;Intercepted by the Guardia Civil boat a lot from Nador to Ceuta. A witness complaint: 3 dead passengers thrown into the sea by the military (Oct 1, 2005);ceuta;Ardh;http://docs.google.com/viewer?url=http://www.apdha.org/participa/documentos/indormeddhhrif06.doc;Del grande;803;3;;;Spain;-5.324636;35.888384;Western Mediteranean route;
830;01/10/2005 02:00;2005;Shipwreck off the Canary Islands, 3 dead, 14 missing (Oct 1, 2005);canary;El Mundo;http://www.elmundo.es/elmundo/2005/10/06/espana/1128613403.html;Del grande;804;17;;;Spain;-16.62913;28.291564;Western African route;
828;06/10/2005 02:00;2005;A man falls dall'autotreno where traveling hidden along with 5 mates and dies (Oct 6, 2005);Great Britain;Peter bourough today;http://www.peterboroughtoday.co.uk/ViewArticle2.aspx?SectionID=845&ArticleID=1212780;Del grande;806;1;;;Great Britain;-3.435973;55.378051;;
827;06/10/2005 02:00;2005;Assault on the barriers of the Spanish border in Morocco, Melilla, 6 deaths by gunshot or crushed in the crowd, 30 injured (Oct 6, 2005);melilla;La Repubblica;http://www.repubblica.it/2005/i/sezioni/esteri/melilla/subsah/subsah.html;Del grande;807;6;;;Morocco;-2.938097;35.292278;Western Mediteranean route;
826;08/10/2005 02:00;2005;Doctors Without Borders rescued more than 500 migrants arrested by the Moroccan army in the mountains around Ceuta and Melilla and abandoned for days in the desert on the border with Algeria, in the region of El-Aouina Souatar, in Bouarfa. Witnesses said at least 20 people have died of starvation (Oct 8, 2005);ceuta;AFP;http://www.atmf.ras.eu.org/article.php3?id_article=559;Del grande;808;20;;;Morocco;-5.324636;35.888384;Western Mediteranean route;
825;13/10/2005 02:00;2005;Found a body along the coast near Grenada (Oct 13, 2005);Grenada, spain;El Mundo;http://www.elmundo.es/elmundo/2005/10/13/sociedad/1129182888.html;Del grande;809;1;;;Spain;-3.598557;37.177336;Western Mediteranean route;
824;18/10/2005 02:00;2005;Tamanghasset blocked and threatened by police raids in Algeria, 2 Guineans give up to Europe and take the way back on a truck bound for Kidal, Mali. But during the journey in the desert, the two they die of starvation. The bodies are buried by their fellow passengers in the sand (Oct 18, 2005);algeria;Algeria Watch;http://www.algeria-watch.org/fr/mrv/mrvref/guineens_meurent.htm;Del grande;810;2;;;Algeria;1.659626;28.033886;;
823;25/10/2005 02:00;2005;Rescued vessel in distress off the coast of Crete. On board 1 dead (Oct 25, 2005);crete;Kathimerini;http://www.ekathimerini.com/4dcgi/news/content.asp?aid=62267;Del grande;811;1;;;Greece;24.809269;35.240117;Eastern Mediteranean route Sea;
819;04/11/2005 01:00;2005;Small boat sank off the coast of Greece in direct Cesme (Turkey), 12 dead, 18 missing (Nov 4, 2005);cesme;Kathimerini;http://www.ekathimerini.com/4dcgi/news/content.asp?aid=62624;Del grande;815;30;;;Greece;26.314921;38.32981;Eastern Mediteranean route Sea;
818;04/11/2005 01:00;2005;Landing the island of Linosa, on board the ship 2 dead (Nov 4, 2005);linosa;Ansa;http://dea.ansa.it/;Del grande;816;2;;;Italy;12.868741;35.866074;Central Mediteranean route;
815;19/11/2005 01:00;2005;Found the body of a drowned man on the beaches of Benz in Ceuta (Nov 19, 2005);ceuta;El pueblo de Ceuta;http://www.elpueblodeceuta.es/archivo/2005/Noviembre/19/_sucesos_2.htm;Del grande;819;1;;;Spain;-5.324636;35.888384;Western Mediteranean route;
808;10/12/2005 01:00;2005;Minefield of Kastanies, greek-turkish border. An explosion kills 2 people. They tried to enter illegally in Greece (Dec 10, 2005);kastanies;Kathimerini;http://www.ekathimerini.com/4dcgi/news/content.asp?aid=63984;Del grande;826;2;;;Greece;26.476442;41.645487;Eastern Mediteranean route Land;
805;25/12/2005 01:00;2005;2 bodies found on the coast near Tarifa (Dec 25, 2005);tarifa;El Mundo;http://www.elmundo.es/elmundo/2005/12/25/sociedad/1135524192.html;Del grande;829;2;;;Spain;-5.600819;36.018776;Western Mediteranean route;
804;27/12/2005 01:00;2005;Found by a wetting the corpse of a drowned man along the beaches of Aguadulce, Roquetas de Mar, Almeria (Dec 27, 2005);almeria;El Pais;http://www.elpais.com/articulo/espana/LLEGA/PALMA/PRIMERA/PATERA/elpepiesp/20051228elpepinac_11/Tes;Del grande;830;1;;;Spain;-2.463714;36.834047;Western Mediteranean route;
803;30/12/2005 01:00;2005;"Four officers in riot gear attacked the Egyptians some 3,500 Sudanese refugees who patrol the park for three months, ""Mustafa Mahmoud"" in the residential district of Mohandessin, Cairo, just a few hundred meters from the offices of the United Nations High Commissioner for Refugees, asking to be resettled in a third country. At the end of the clashes there are 26 dead, including 7 women and 2 children (Dec 30, 2005)";cairo;New York Times;http://www.nytimes.com/2005/12/30/international/middleeast/30cnd-egypt.html;Del grande;831;26;;;Egypt;31.235712;30.04442;;
;02/01/2006 00:00;2006;died crossing the Oder/Neisse border. German police did not record the precise date.;;German Federal Police;;;;1;Germany;Poland;Germany;14.197083;52.825559;;drowned
802;04/01/2006 01:00;2006;Small boat sank near the island Lesvos, 1 dead (Jan 4, 2006);lesvos;Kathimerini;http://www.ekathimerini.com/4dcgi/news/content.asp?aid=64787;Del grande;832;1;;;Greece;26.372171;39.16408;Eastern Mediteranean route Sea;
801;07/01/2006 01:00;2006;He died at the hospital in Nador a young man wounded by gunfire Spanish police while trying to climb over the networks of the border of Melilla one month before (Jan 7, 2006);melilla;El Mundo;http://www.elmundo.es/suplementos/cronica/2006/582/1166914811.html;Del grande;833;1;;;Morocco;-2.938097;35.292278;Western Mediteranean route;
796;19/02/2006 01:00;2006;Shipwreck near the island of Alboran, 2 drowned (Feb 19, 2006);Alboran;El Mundo;http://www.elmundo.es/elmundo/2006/02/19/sociedad/1140372778.html;Del grande;838;2;;;Spain;-3.035088;35.950486;Western Mediteranean route;
795;20/02/2006 01:00;2006;Sinking a boat 30 meters from the coast of Oinousses, near Chios, 1 dead (Feb 20, 2006);chios;Kathimerini;http://www.ekathimerini.com/4dcgi/news/content.asp?aid=66612;Del grande;839;1;;;Greece;26.136346;38.370981;Eastern Mediteranean route Sea;
794;21/02/2006 01:00;2006;Two shipwrecks in Mayotte, 7 recovered corpses, including those of 6 matches pregnant women to give birth on the French island, and 6 missing (Feb 21, 2006);mayotte;Mayotte sans frontires;http://mayottesansfrontieres.blogspot.com/2006/02/deux-affaires-de-kwassa-kwassa-7-morts.html;Del grande;840;13;;;Mayotte;45.166244;-12.8275;;
792;27/02/2006 01:00;2006;Shipwreck off the coast of Cabo de Gata, Almeria. At least 28 missing (Feb 27, 2006);gata;Afvic;http://www.migcom.org/index.php?page=Encore+un+drame+%3A+28+clandestins+port%C3%A9s+disparus+pr%C3%A8s+d%C2%B9Almeria&toc=797;Del grande;842;28;;;Spain;0.08519;38.77474;Western Mediteranean route;
791;04/03/2006 01:00;2006;Young falls into the water and drowned a hundred meters from the beach of Tenerife in the Canary Islands (Mar 4, 2006);tenerife;El Pais;http://www.elpais.com/articulo/espana/joven/inmigrante/muere/ahogado/metros/costa/Tenerife/elpepiesp/20060305elpepinac_24/Tes;Del grande;843;1;;;Spain;-16.62913;28.291564;Western African route;
790;05/03/2006 01:00;2006;Boat sinks off Ahrax Point, 1 dead and 9 missing. Escaped from the detention center in Hal Far and Safi were to Sicily (Mar 5, 2006);ahrax;Times of Malta;http://www.timesofmalta.com/core/article.php?id=216721;Del grande;844;10;;;Malta;14.346722;35.976458;Central Mediteranean route;
789;06/03/2006 01:00;2006;45 people drowned in two shipwrecks off the coast of Mauritania, were directed to the Canaries (Mar 6, 2006);canaries;El Mundo;http://www.elmundo.es/elmundo/2006/03/06/sociedad/1141664041.html;Del grande;845;45;;;Mauritania;-16.62913;28.291564;Western African route;
788;07/03/2006 01:00;2006;3 found dead in a truck ferried to Bari from Durres (Albania), in which were hidden (Mar 7, 2006);bari;Repubblica;http://www.repubblica.it/2006/c/sezioni/cronaca/immibari/immibari/immibari.htm;Del grande;846;3;;;Italy;16.871871;41.117143;Apulia & Calbria;
787;08/03/2006 01:00;2006;Rescued 350 km south of Dakhla vessel in distress directly to the Canary Islands, a dead man on board (Mar 8, 2006);dakhla;El Pais;http://www.elpais.com/articulo/espana/Muere/inmigrante/viajaba/patera/28/personas/direccion/Canarias/elpepuesp/20060308elpepunac_13/Tes;Del grande;847;1;;;Sahara;-15.93698;23.69751;Western African route;
786;13/03/2006 01:00;2006;Rescued boat drifting live in the Canary Islands. On board 12 deaths (Mar 13, 2006);canary;Afrol News;http://www.afrol.com/es/articulos/18402;Del grande;848;12;;;Cape Verde;-16.62913;28.291564;Western African route;
782;29/03/2006 02:00;2006;Hospitalized in intensive care a man fell from a height of 8 meters trying to scavalcavare the barrier on the border with the Spanish enclave of Ceuta Morocco (Mar 29, 2006);ceuta;El Mundo;http://www.elmundo.es/elmundo/2006/03/29/sociedad/1143622371.html;Del grande;852;1;;;Morocco;-5.324636;35.888384;Western Mediteranean route;
777;03/05/2006 02:00;2006;It sinks off the coast of Kusadasi small boat direct to the Greek island of Samos, 1 dead and 1 missing (May 3, 2006);sada;Kathimerini;http://www.ekathimerini.com/4dcgi/news/content.asp?aid=69224;Del grande;857;2;;;Turkey;-8.255738;43.355524;;
772;03/06/2006 02:00;2006;Recovered from the waters of the coast of Ragusa, the bodies of four men drowned (Jun 3, 2006);ragusa;Times of Malta;http://www.timesofmalta.com/core/article.php?id=226245;Del grande;862;4;;;Italy;14.725513;36.926927;Central Mediteranean route;
771;04/06/2006 02:00;2006;Storm off the coast of Malta, a boat turned upside down, 14 missing, only 1 body recovered (Jun 4, 2006);Malta;Times of Malta;http://www.timesofmalta.com/core/article.php?id=226245;Del grande;863;14;;;Malta;14.375416;35.937496;Central Mediteranean route;
770;05/06/2006 02:00;2006;He died a young man in a boat game from Morocco after four days adrift off the coast of Almeria (Jun 5, 2006);almeria;El Pais;http://www.elpais.com/articulo/espana/Fallece/papeles/dias/deriva/cerca/Almeria/20060605elpepinac_14/Tes/;Del grande;864;1;;;Spain;-2.463714;36.834047;Western Mediteranean route;
768;09/06/2006 02:00;2006;Shipwreck off Malta: 3 dead, 8 missing (Jun 9, 2006);malta;Repubblica;http://www.repubblica.it/2006/05/sezioni/cronaca/sbarchi-lampedusa/dispersi-malta/dispersi-malta.html;Del grande;866;11;;;Malta;14.375416;35.937496;Central Mediteranean route;
766;27/06/2006 02:00;2006;Unearthed from the fishermen's nets of Laayoun the remains of three migrants drowned en route to the Canary Islands, including the body of a three year old girl (Jun 27, 2006);laayoun;El Mundo;http://www.elmundo.es/suplementos/cronica/2006/582/1166914811.html;Del grande;868;3;;;Sahara;-13.203333;27.153611;Western African route;
765;27/06/2006 02:00;2006;It is a boat capsized off the coast of Naila, 200 km from Laayoun, 16 drowned (Jun 27, 2006);laayoun;Migreurop;http://listes.rezo.net/archives/migreurop/2006-06/msg00150.html;Del grande;869;16;;;Sahara;-13.203333;27.153611;Western African route;
764;27/06/2006 02:00;2006;Boat rescued off Malta, on board 2 dead (Jun 27, 2006);malta;Ansa;http://dea.ansa.it/;Del grande;870;2;;;Malta;14.375416;35.937496;Central Mediteranean route;
763;01/07/2006 02:00;2006;Explodes a rebellion of hundreds of Nigerian migrants detained in al-Fellah prison in Tripoli, awaiting deportation. The police opened fire: 2 dead, both Nigerians (Jul 1, 2006);tripoli;Fortress Europe;http://fortresseurope.blogspot.com/2006/01/luglio-2006.html;Del grande;871;2;;;Libya;13.187507;32.876174;Central Mediteranean route;
762;03/07/2006 02:00;2006;3 people die in an attempt to climb over the barrier of the border of the Spanish enclave of Melilla (Jul 3, 2006);melilla;El Mundo;http://www.elmundo.es/elmundo/2006/07/03/espana/1151914440.html;Del grande;872;3;;;Morocco;-2.938097;35.292278;Western Mediteranean route;
747;01/08/2006 02:00;2006;28 corpses discovered on the coast of Blibilat, 40 km north of El-Aaiun, drowned while trying to reach the Canary Islands (Aug 1, 2006);aiun;El Mundo;http://www.elmundo.es/elmundo/2006/08/01/espana/1154464419.html;Del grande;887;28;;;Morocco;-13.203333;27.153611;Western African route;
746;02/08/2006 02:00;2006;They go out of your way to get away to a police station because no papers to enter Germany. In the incident, near Koenigs Wusterhausen (Brandenburg) die 6 of 8 passengers (Aug 2, 2006);Koenigs Wusterhausen, germany;Ansa;http://www.ansa.it/main/notizie/awnplus/topnews/news/2006-08-02_1029541.html;Del grande;888;6;;;Germany;13.622838;52.295891;;
744;04/08/2006 02:00;2006;He died a man in a boat rescued off the Canary Islands (Aug 4, 2006);canary;El Mundo;http://www.elmundo.es/elmundo/2006/08/04/espana/1154681596.html;Del grande;890;1;;;Spain;-16.62913;28.291564;Western African route;
743;11/08/2006 02:00;2006;Exploding a gas cylinder on board a ship bound for the Canary Islands: 16 dead. After 15 days adrift come to the rescue: are recovered two of the bodies and the injured were hospitalized, but the other 3 people die in the hospital Nuadib (Aug 11, 2006);canary;El Mundo;http://www.elmundo.es/elmundo/2006/08/11/espana/1155297536.html;Del grande;891;18;;;Mauritania;-16.62913;28.291564;Western African route;
742;12/08/2006 02:00;2006;A rescue boat off the coast of Motril. Survivors speak of the dead 2 for two weeks adrift without an engine. 2 other guys would have drowned after he jumped into the sea from despair (Aug 12, 2006);Motril, spain;Motril digital;http://motrildigital.blogspot.com/2006_08_01_motrildigital_archive.html;Del grande;892;2;;;Spain;-3.516861;36.748374;Western Mediteranean route;
739;18/08/2006 02:00;2006;Recovered 24 bodies from the Libyan waters after a shipwreck (Aug 18, 2006);libyan;Angola Press;http://www.libya-watanona.com/news/n2006/sep/0906nwsc.htm;Del grande;895;24;;;Libya;17.228331;26.3351;;
735;22/08/2006 02:00;2006;Found a dead body at the bottom of a canoe 48 hours after landing in the Canary Islands (Aug 22, 2006);canary;Abc;http://www.abc.es/hemeroteca/historico-22-08-2006/Nacional/lo-encontraron-entre-las-moscas-y-por-el-hedor-del-cayuco_1422967435475.html;Del grande;899;1;;;Spain;-16.62913;28.291564;Western African route;
734;23/08/2006 02:00;2006;He died at the hospital Comarcal of Motril one of the survivors of the boat rescue August 12 in Motril (Aug 23, 2006);Motril, spain;Motril digital;http://motrildigital.blogspot.com/2006_08_01_motrildigital_archive.html;Del grande;900;1;;;Spain;-3.516861;36.748374;Western Mediteranean route;
733;24/08/2006 02:00;2006;Two men found dead along a road in Essex. According to the police would have died because of the excessive heat traveling hidden in a truck, after entering through a port in Great Britain (Aug 24, 2006);essex;India eNews;http://indiaenews.com/2006-08/19652-illegal-migrants-indian-subcontinent.htm;Del grande;901;2;;;Great Britain;0.667367;51.765908;;
731;25/08/2006 02:00;2006;Landing in Lampedusa. A couple of parents said that the journey is dead 18 month old daughter and two other children. The bodies were thrown into the sea (Aug 25, 2006);lampedusa;Repubblica;http://www.repubblica.it/2006/08/sezioni/cronaca/clandestini-lampedusa/sbarchi-25-08/sbarchi-25-08.html;Del grande;903;3;;;Italy;12.59292;35.508622;Central Mediteranean route;
724;01/09/2006 02:00;2006;One dead and six injured in a brawl between the port of Calais migrants trying to sneak to climb onto trucks bound for Britain (Sep 1, 2006);calais;Liberation;http://www.liberation.fr/actualite/reuters/reuters_france/201754.FR.php;Del grande;910;1;;;France;1.858686;50.95129;;
723;01/09/2006 02:00;2006;Crete: a boat slamming against the rocks and sinks. 7 missing (Sep 1, 2006);crete;Ansa;http://dea.ansa.it/;Del grande;911;7;;;Greece;24.809269;35.240117;Eastern Mediteranean route Sea;
722;01/09/2006 02:00;2006;Landing in the Canary Islands, 3 of the passengers on board died (Sep 1, 2006);canary;El Mundo;http://www.elmundo.es/elmundo/2006/09/01/espana/1157096113.html;Del grande;912;3;;;Spain;-16.62913;28.291564;Western African route;
721;01/09/2006 02:00;2006;2 bodies recovered at sea 5km from the island of Lampedusa (Sep 1, 2006);lampedusa;Repubblica;http://www.repubblica.it/2006/08/sezioni/cronaca/sbarchi-lampedusa3/otto-morti/otto-morti.html;Del grande;913;2;;;Italy;12.59292;35.508622;Central Mediteranean route;
720;02/09/2006 02:00;2006;Rescued a boat off the coast of Syracuse. According to the 19 survivors, 8 people died on the journey and their bodies thrown into the sea (Sep 2, 2006);Syracuse;Repubblica;http://www.repubblica.it/2006/08/sezioni/cronaca/sbarchi-lampedusa3/otto-morti/otto-morti.html;Del grande;914;8;;;Italy;15.286586;37.075474;Central Mediteranean route;
719;03/09/2006 02:00;2006;He died at the hospital Trigona Noto one of 19 immigrants who landed the day before in Syracuse (Sep 3, 2006);Syracuse;Il Tempo;http://www.iltempo.it/approfondimenti/index.aspx?id=1028530;Del grande;915;1;;;Italy;15.286586;37.075474;Central Mediteranean route;
718;03/09/2006 02:00;2006;Found the body of a drowned man next to an abandoned boat on the beach in Teguise, Lanzarote, Canary Islands (Sep 3, 2006);lanzarote;Lanzarote digital;http://www.lanzarotedigital.com/espanol/lanzarote/actualidad/noticias/2006/ln20060903193545.html;Del grande;916;1;;;Spain;-13.589973;29.046854;Western African route;
717;03/09/2006 02:00;2006;A ship runs aground near the coast of Hania, Crete, one of the passengers died (Sep 3, 2006);crete;Kathimerini;http://www.ekathimerini.com/4dcgi/_w_articles_politics_100022_02/09/2006_73757;Del grande;917;1;;;Greece;24.809269;35.240117;Eastern Mediteranean route Sea;
716;03/09/2006 02:00;2006;Recovered another body off Lampedusa (Sep 3, 2006);lampedusa;Ansa;http://dea.ansa.it/;Del grande;918;1;;;Italy;12.59292;35.508622;Central Mediteranean route;
715;05/09/2006 02:00;2006;Two bodies found among the rocks near Mazara del Vallo, Sicily (Sep 5, 2006);vallo;Ansa;http://www.kataweb.it/news/item/212420/clandestini-cadavere-recuperato-a-imboccatura-porto-lampedusa;Del grande;919;2;;;Italy;9.137443;42.434479;;
713;07/09/2006 02:00;2006;Police intercept 47 who have entered illegally in Turkey, in Ercis, near Van, one of the migrant dies in hospital (Sep 7, 2006);Ercis, turkey;Turkish Press;http://archive.turkishpress.com/news.asp?id=69274;Del grande;921;1;;;Turkey;43.375381;39.029381;;
711;08/09/2006 02:00;2006;Recovered a corpse 40km off the coast of Lampedusa (Sep 8, 2006);lampedusa;Ansa;http://www.kataweb.it/news/item/214056/clandestini-2-barconi-a-sud-lampedusa-recuperato-cadavere;Del grande;923;1;;;Italy;12.59292;35.508622;Central Mediteranean route;
710;12/09/2006 02:00;2006;2 dead in Evros minefields along the border with Turkey (Sep 12, 2006);evros;Kathimerini;http://www.ekathimerini.com/4dcgi/news/content.asp?aid=74101;Del grande;924;2;;;Greece;26.135943;41.244376;Eastern Mediteranean route Land;
705;21/09/2006 02:00;2006;Sinking boat coming from the Comoros Islands and directed the French island of Mayotte, in the Indian Ocean. One dead and 10 missing (Sep 21, 2006);mayotte;Le Monde;http://www.lemonde.fr/web/article/0;Del grande;929;11;;;Mayotte;45.166244;-12.8275;;
704;22/09/2006 02:00;2006;Recovered on the beach in El Ejido, Almeria, the corpse of a drowned man (Sep 22, 2006);almeria;Hoy;http://www.hoy.es/prensa/20060922/nacional/llegan-otros-indocumentados-hallan_20060922.html;Del grande;930;1;;;Spain;-2.463714;36.834047;Western Mediteranean route;
701;27/09/2006 02:00;2006;He died of a heart attack at the hospital Candelaria, Tenerife, one of the 106 migrants landed on Monday in the Canary Islands (Sep 27, 2006);tenerife;Noticias de Alava;http://www.noticiasdealava.com/ediciones/2006/09/28/sociedad/espana-mundo/d28esp19.449240.php;Del grande;933;1;;;Spain;-16.62913;28.291564;Western African route;
699;05/10/2006 02:00;2006;A sinking boat off the Canary Islands, 20 missing (Oct 5, 2006);canary;El Mundo;http://www.elmundo.es/elmundo/2006/10/05/espana/1160051313.html;Del grande;935;20;;;Spain;-16.62913;28.291564;Western African route;
697;24/10/2006 02:00;2006;Boat capsizes, die a man and a woman pregnant (Oct 24, 2006);Malta;Times of Malta;http://www.timesofmalta.com/core/article.php?id=241004&hilite=migrants;Del grande;937;2;;;Malta;14.375416;35.937496;Central Mediteranean route;
696;25/10/2006 02:00;2006;Recovered the body of the third victim of the sinking of yesterday (Oct 25, 2006);Malta;Ansa;http://dea.ansa.it/;Del grande;938;1;;;Malta;14.375416;35.937496;Central Mediteranean route;
695;25/10/2006 02:00;2006;Recovered at sea the decomposed bodies of drowned migrants 3 (Oct 25, 2006);Malta;Times of Malta;http://www.timesofmalta.com/core/article.php?id=241004&hilite=migrants;Del grande;939;3;;;Malta;14.375416;35.937496;Central Mediteranean route;
693;26/10/2006 02:00;2006;Tips direct boat in Spain, 8 km off the coast of Bousfer, Oran: 6 dead, 6 missing (Oct 26, 2006);oran;Le Quotidien dOran;http://www.algerie-dz.com/article6859.html;Del grande;941;12;;;Algeria;-0.633056;35.696944;Western Mediteranean route;
692;02/11/2006 01:00;2006;Fished out a dead body in the waters of Fouka, at least 10 missing on route from Spain to Ghazaouet (Nov 2, 2006);ghazaouet;Le Quotidien dOran;http://www.lequotidien-oran.com/index.php?news=47028;Del grande;942;1;;;Tunisia;-1.85;35.1;Western Mediteranean route;
685;02/12/2006 01:00;2006;It sinks off the coast of the Gulf of Edremit vessel direct to the Greek island of Samos, 3 missing (Dec 2, 2006);samos;Turkish Daily News;http://www.turkishdailynews.com.tr/article.php?enewsid=60887;Del grande;949;3;;;Turkey;26.820351;37.743215;Eastern Mediteranean route Sea;
684;03/12/2006 01:00;2006;He died one of the four migrants admitted to the hospital for hypothermia Candelaria, Tenerife, after landing the day before the Canaries (Dec 3, 2006);tenerife;El dia;http://www.eldia.es/2006-12-03/vivir/vivir24.htm;Del grande;950;1;;;Spain;-16.62913;28.291564;Western African route;
683;07/12/2006 01:00;2006;Landing in the Canary Islands, two deaths from hypothermia (Dec 7, 2006);canary;El Mundo;http://www.elmundo.es/elmundo/2006/12/07/espana/1165475297.html;Del grande;951;2;;;Spain;-16.62913;28.291564;Western African route;
682;08/12/2006 01:00;2006;A dead man killed by gunfire during a Moroccan army assault on the grillage of the Spanish border in Melilla (Dec 8, 2006);melilla;El Telegrama;http://www.eltelegrama.com/noticia.asp?ref=39351;Del grande;952;1;;;Morocco;-2.938097;35.292278;Western Mediteranean route;
681;09/12/2006 01:00;2006;Two died on the ferry Zadar-Ancona, killed by the fumes of the load of the truck they were traveling hidden (Dec 9, 2006);ancona;Repubblica;http://www.repubblica.it/2006/12/sezioni/cronaca/porto-ancona/porto-ancona/porto-ancona.html;Del grande;953;2;;;Italy;13.518915;43.61583;;
680;10/12/2006 01:00;2006;Tips vessel departed from Restinga Smir, Tetouan, and live in Ceuta, a man drowned (Dec 10, 2006);smir;Europa sur;http://www.europasur.com/26193_ESN_HTML.htm;Del grande;954;1;;;Morocco;14.839266;49.63675;;
678;14/12/2006 01:00;2006;Found decomposing torso, probably a woman, along the beaches of Marsascala (Dec 14, 2006);marsascala;Times of Malta;http://www.timesofmalta.com/core/article.php?id=246120&hilite=migrant;Del grande;956;1;;;Malta;14.565384;35.861313;Central Mediteranean route;
676;21/12/2006 01:00;2006;He died of kidney failure a man deported in the city of Oujda on the border with Algeria (Dec 21, 2006);oujda;Mountada Rihab;http://www2.blogger.com/;Del grande;958;1;;;Morocco;-1.911389;34.686667;Western Mediteranean route;
675;24/12/2006 01:00;2006;Hit by a bullet of Moroccan auxiliary forces while trying to climb over the double fence of the Spanish border in Melilla, a young man is killed (Dec 24, 2006);melilla;Migreurop;http://docs.google.com/viewer?url=http://terra.rezo.net/IMG/doc/VALLUY060107.doc;Del grande;959;1;;;Morocco;-2.938097;35.292278;Western Mediteranean route;
673;30/12/2006 01:00;2006;Recovered on the coast of Tarfaya 9 corpses (Dec 30, 2006);tarfaya;Abc;http://www.abc.es/hemeroteca/historico-31-12-2006/Nacional/encuentran-los-cadaveres-de-nueve-inmigrantes-en-las-costas-de-el-aaiun_153694233938.html;Del grande;961;9;;;Sahara;-12.91871;27.93556;Western African route;
670;07/01/2007 01:00;2007;Fished out a dead body along the coasts of Bizerte (Jan 7, 2007);bizerte, tunisia;Le Quotidien dOran;http://www.lequotidien-oran.com/index.php?news=47028;Del grande;964;1;;;Tunisia;9.873071;37.27626;Central Mediteranean route;
669;08/01/2007 01:00;2007;Sinking boat coming from the Comoros Islands and directed the French island of Mayotte, in the Indian Ocean. Two dead and 19 missing (Jan 8, 2007);mayotte;Le Monde;http://www.lemonde.fr/web/article/0;Del grande;965;21;;;Mayotte;45.166244;-12.8275;;
667;18/01/2007 01:00;2007;Shipwreck off the coast of Annaba, along the new routes to Sardinia, retrieved 33 corpses (Jan 18, 2007);annaba;La Nuova Sardegna;http://www.lanuovasardegna.quotidianiespresso.it/giornalilocali/index.jsp?s=nuovasardegna&l=articoli-dettaglio&id=1481607;Del grande;967;33;;;Algeria;7.755543;36.902859;Central Mediteranean route;
664;11/02/2007 01:00;2007;Fished out a dead body on the beach of Sidi Yacoub, near Ghazaouet (Feb 11, 2007);ghazaouet;Le Quotidien dOran;http://www.lequotidien-oran.com/index.php?news=2319;Del grande;970;1;;;Algeria;-1.85;35.1;Western Mediteranean route;
663;13/02/2007 01:00;2007;Boujdour rescued off a boat in distress game from Nouadhibou and live in the Canary Islands. 1 dead on board (Feb 13, 2007);nouadhibou;News 24;http://www.news24.com/News24/Africa/News/0;Del grande;971;1;;;Sahara;-17.036227;20.942518;Western African route;
661;21/02/2007 01:00;2007;He died of kidney failure a man deported in the city of Oujda, on the border with Algeria (Feb 21, 2007);oujda;Mountada Rihab;http://www2.blogger.com/;Del grande;973;1;;;Morocco;-1.911389;34.686667;Western Mediteranean route;
659;08/03/2007 01:00;2007;Rescued a boat off the coast of Tenerife, in the Canary Islands. On board the bodies of three men who died after a week of sailing. Another man died during the journey, the body was thrown into the sea (Mar 8, 2007);tenerife;El Pais;http://www.elpais.com/articulo/espana/Chalecos/suerte/elpepuesp/20070310elpepinac_23/Tes;Del grande;975;4;;;Spain;-16.62913;28.291564;Western African route;
657;26/03/2007 02:00;2007;Lampedusa, a small boat crashed into a rock wall at old, a dispersed (Mar 26, 2007);lampedusa;LUnit;http://www.unita.it/view.asp?idContent=64660;Del grande;977;1;;;Italy;12.59292;35.508622;Central Mediteranean route;
655;04/04/2007 02:00;2007;Four young people fall into the water from a boat during rescue operations in Malaga, 1 dead and 1 missing (Apr 4, 2007);malaga;El Pais;http://www.elpais.com/articulo/espana/Fallece/inmigrante/ser/rescatado/Salvamento/Maritimo/elpepuesp/20070404elpepunac_7/Tes;Del grande;979;2;;;Spain;-4.421266;36.721261;Western Mediteranean route;
654;05/04/2007 02:00;2007;Rescued in Laayoune boat adrift, abandoned at sea the bodies of two passengers killed during eight days of sailing from Nouadhibou (Apr 5, 2007);laayoun;Alter Forum;http://fortresseurope.blogspot.com/;Del grande;980;2;;;Morocco;-13.203333;27.153611;Western African route;
647;07/05/2007 02:00;2007;Rescue off the coast of Palermo, raft drifting for ten days. Died of dehydration one of 4 passengers (May 7, 2007);palermo;Italpress;http://www.meltingpot.org/articolo10455.html;Del grande;987;1;;;Italy;13.361267;38.115688;Central Mediteranean route;
646;11/05/2007 02:00;2007;Sinking a boat party from Nador and direct in Andalusia, Spain, 13 dead (May 11, 2007);andalusia;Le Journal;http://www.bladi.net/12711-maroc-immigration-clandestine.html;Del grande;988;13;;;Morocco;-4.727753;37.544271;Western Mediteranean route;
644;20/05/2007 02:00;2007;Boat rescued 45 miles off Lampedusa, the survivors speak of 2 dead abandoned at sea (May 20, 2007);lampedusa;Ansa;http://www.tgcom.mediaset.it/cronaca/articoli/articolo362662.shtml;Del grande;990;2;;;Italy;12.59292;35.508622;Central Mediteranean route;
641;22/05/2007 02:00;2007;Lompoul rescued in a canoe adrift. On board 3 deaths and only 2 survivors. Unspecified number of missing, probably tens (May 22, 2007);Senegal;Aps;http://www.aps.sn/articles.php?id_article=31086;Del grande;993;3;;;Senegal;-14.452362;14.497401;Western African route;
639;31/05/2007 02:00;2007;Lost at sea for the past three weeks, 8 young Moroccans Azilal sail south of the Canary Islands Boujdour (May 31, 2007);boujdour;Alter Forum;http://fortresseurope.blogspot.com/;Del grande;995;8;;;Morocco;-14.466667;26.133333;Western African route;
638;01/06/2007 02:00;2007;"The French naval vessel ""La Motte Picquet"" retrieves 120 miles south of Malta, the bodies of 21 men drowned (Jun 1, 2007)";malta;Repubblica;http://www.repubblica.it/2007/05/sezioni/cronaca/barcone-scomparso/recuperati-cadaveri/recuperati-cadaveri.html;Del grande;996;21;;;Malta;14.375416;35.937496;Central Mediteranean route;
637;05/06/2007 02:00;2007;Landing in Gran Canaria, 2 dead aboard boat (Jun 5, 2007);canaria;El Pais;http://www.elpais.com/articulo/espana/Llega/patera/Gran/Canaria/46/subsaharianos/bordo/muertos/elpepuesp/20070605elpepunac_15/Tes;Del grande;997;2;;;Spain;-16.62913;28.291564;Western African route;
636;05/06/2007 02:00;2007;Sinks along the Algerian coast, on the border with Tunisia, boat to Sardinia. 8 bodies recovered and 20 missing (Jun 5, 2007);tunis;Reuters;http://africa.reuters.com/country/DZ/news/usnBAN539517.html;Del grande;998;28;;;Algeria;10.16596;36.81881;Central Mediteranean route;
634;11/06/2007 02:00;2007;Lost at sea a boat with 25 passengers on board. Locked in a stormy sea 47 miles off the Libyan coast, on Thursday raised the alarm. Malta had asked Libya to intervene, but Tripoli had sent a reconnaissance plane in only two days later. An Iranian cargo ship 20 miles away from the castaways had wanted them not help fearing they were armed (Jun 11, 2007);tripoli;Times of Malta;http://www.timesofmalta.com/core/article.php?id=264586;Del grande;1000;25;;;Libya;13.187507;32.876174;Central Mediteranean route;
633;11/06/2007 02:00;2007;Fished in the waters of the island of Samos the bodies of drowned migrants 2 (Jun 11, 2007);samos;Kathimerini;http://www.ekathimerini.com/4dcgi/news/content.asp?aid=84368;Del grande;1001;2;;;Greece;26.820351;37.743215;Eastern Mediteranean route Sea;
632;11/06/2007 02:00;2007;Twenty-three died during a scuffle with the Spanish police line on the plane which was to be deported to Nigeria (Jun 11, 2007);niger;El Pais;http://www.elpais.com/articulo/espana/nigeriano/papeles/fallece/avion/era/deportado/custodia/policial/elpepunac/20070611elpepinac_18/Tes;Del grande;1002;1;;;Spain;8.081666;17.607789;;
630;14/06/2007 02:00;2007;Rescued boat. A man is lost at sea, lost overboard during the voyage of 10 days (Jun 14, 2007);Malta;Times of Malta;http://www.timesofmalta.com/core/article.php?id=264871;Del grande;1004;1;;;Malta;14.375416;35.937496;Central Mediteranean route;
629;15/06/2007 02:00;2007;"The Spanish fishing vessel ""Nuestra Madre de Loreto"" takes on board 25 castaways adrift 90 miles off the coast of Libya, the more the body of an eighteen year old who died during the crossing (Jun 15, 2007)";libya;El Dia;http://www.eldia.es/2007-06-15/vivir/vivir13.htm;Del grande;1005;1;;;Libya;17.228331;26.3351;;
624;21/06/2007 02:00;2007;Fished out the bodies of drowned 4, 55 miles south of the island, perhaps victims of the sinking of the first day (Jun 21, 2007);Malta;Times of Malta;http://www.timesofmalta.com/core/article.php?id=265741&hilite=migrant;Del grande;1010;4;;;Malta;14.375416;35.937496;Central Mediteranean route;
622;26/06/2007 02:00;2007;Landing in Sicily, Capo Passero, Syracuse. Passengers said they had thrown overboard the bodies of a child, a man and a woman, died of starvation during a voyage lasted 12 days (Jun 26, 2007);capo;Repubblica;http://www.repubblica.it/2007/05/sezioni/cronaca/sbarchi-immigrati/morti-in-mare/morti-in-mare.html;Del grande;1012;3;;;Italy;14.742693;38.158524;Central Mediteranean route;
621;26/06/2007 02:00;2007;Landing in Malta, passengers say they have abandoned at sea the bodies of two men who died of starvation during a voyage of seven days (Jun 26, 2007);malta;Times of Malta;http://www.timesofmalta.com/core/article.php?id=266201&hilite=migrant;Del grande;1013;2;;;Malta;14.375416;35.937496;Central Mediteranean route;
620;26/06/2007 02:00;2007;Recovered at sea the body of a drowned woman, about a mile from the port of Mgarr, Island of Gozo (Jun 26, 2007);Island of Gozo;Ansa;http://www.ansa.it/;Del grande;1014;1;;;Malta;14.251222;36.0443;Central Mediteranean route;
618;28/06/2007 02:00;2007;Fished, 8 miles off the coast of Dingli, a corpse of a drowned man, in an advanced state of decomposition (Jun 28, 2007);Dingli;Times of Malta;http://www.timesofmalta.com/core/article.php?id=266424&hilite=migrant;Del grande;1016;1;;;Malta;14.381389;35.860278;Central Mediteranean route;
617;28/06/2007 02:00;2007;Tug Malta rescues 23 castaways clinging to tuna cages. A woman dies (Jun 28, 2007);malta;Ansa;http://www.ansa.it/site/notizie/regioni/sicilia/news/2007-06-28_12879108.html;Del grande;1017;1;;;Malta;14.375416;35.937496;Central Mediteranean route;
616;29/06/2007 02:00;2007;The 23 castaways rescued yesterday, 60 miles south of Lampedusa, talk about 4 missing at sea: a man, two women and a child. Yesterday, a Maltese tug had recovered the body of a woman (Jun 29, 2007);lampedusa;Adnkronos;http://it.notizie.yahoo.com/adnkxml/20070628/tit-immigrati-clandestini-soccorsi-a-lar-afde0ec_1.html;Del grande;1018;4;;;Italy;12.59292;35.508622;Central Mediteranean route;
615;29/06/2007 02:00;2007;27 castaways rescued in Libyan waters from Icelandic fishing Eyborg. Recovered the body of a drowned woman, 7 missing (Jun 29, 2007);libyan;Times of Malta;http://www.timesofmalta.com/core/article.php?id=266590&hilite=migrant;Del grande;1019;8;;;Malta;17.228331;26.3351;;
613;29/06/2007 02:00;2007;Recovered the body of a drowned man, 10 miles south of Lampedusa (Jun 29, 2007);lampedusa;Repubblica;http://newscontrol.repubblica.it/item/333913/clandestini-cadavere-recuperato-al-largo-di-lampedusa;Del grande;1021;1;;;Italy;12.59292;35.508622;Central Mediteranean route;
612;03/07/2007 02:00;2007;Boat rescued off the coast of Arzew, on routes to Spain, 4 missing at sea (Jul 3, 2007);arzew;Le Quotidien dOran;http://www.lequotidien-oran.com/index.php?news=502488;Del grande;1022;4;;;Algeria;-0.316667;35.85;Western Mediteranean route;
611;04/07/2007 02:00;2007;Landing in the Canary Islands, Tenerife. Two dead aboard boat (Jul 4, 2007);tenerife;El Pais;http://www.elpais.com/articulo/internacional/muertos/patera/llegada/noche/costas/canarias/elpepuesp/20070704elpepuint_13/Tes;Del grande;1023;2;;;Spain;-16.62913;28.291564;Western African route;
610;04/07/2007 02:00;2007;The Tunisian coast guard fished 20 dead bodies off of Ben Guerdane, on the border with Libya, victims of a shipwreck on the routes to Sicily (Jul 4, 2007);tunis;Le Monde;http://www.lemonde.fr/web/depeches/0;Del grande;1024;20;;;Tunisia;10.16596;36.81881;Central Mediteranean route;
606;16/07/2007 02:00;2007;Landed in Lampedusa, a witness said he counted 34 dead bodies in the desert between Madama and the Libyan border to Toumou, a month earlier. Deaths dehydrated, it is unclear whether the journey to Libya as if following the expulsion from Libya. No trace of the car they were traveling on board the (Jul 16, 2007);lampedusa;Fortress Europe;http://fortresseurope.blogspot.com/2006/01/luglio-2006.html;Del grande;1028;34;;;Niger;12.59292;35.508622;Central Mediteranean route;
602;18/07/2007 02:00;2007;Tips vessel 40 miles south of Lampedusa. Sphinx recovered from the ship of the Navy, the bodies of 4 drowned, including that of a child (Jul 18, 2007);lampedusa;Repubblica;http://www.repubblica.it/2007/07/sezioni/cronaca/peschereccio-allarme/peschereccio-allarme/peschereccio-allarme.html;Del grande;1032;4;;;Italy;12.59292;35.508622;Central Mediteranean route;
601;19/07/2007 02:00;2007;3 bodies recovered 90 miles south of Tenerife, in the area of __the sinking (Jul 19, 2007);tenerife;El Pais;http://www.elpais.com/articulo/espana/dispositivo/busqueda/desplegado/ha/recuperado/cuerpos/inmigrantes/naufragados/elpepuesp/20070719elpepunac_2/Tes;Del grande;1033;3;;;Spain;-16.62913;28.291564;Western African route;
599;22/07/2007 02:00;2007;Tips, 30 miles south of Malta, Maltese vessel rescued by the Navy. Two dead, one missing (Jul 22, 2007);malta;Times of Malta;http://www.timesofmalta.com/core/article.php?id=269156&hilite=migrant;Del grande;1035;3;;;Malta;14.375416;35.937496;Central Mediteranean route;
598;22/07/2007 02:00;2007;Shipwreck in the waters of Naa'ila, 150 km north of El 'Ayun, on routes to the Canary Islands. 2 bodies fished out, at least 40 missing, all Saharawi (Jul 22, 2007);'ayun;Alter Forum;http://fortresseurope.blogspot.com/2007/07/sahara-occidentale-2-morti-e-40.html;Del grande;1036;42;;;Morocco;;;;
597;23/07/2007 02:00;2007;"Capsizes 80 miles off the Libyan coast, fishing boat rescued from Mazara ""Savior Cristina"", 2 dead (Jul 23, 2007)";mazara;Repubblica;http://www.repubblica.it/2007/07/sezioni/cronaca/immigrati/immigrati/immigrati.html;Del grande;1037;2;;;Italy;58.825119;23.14632;;
596;23/07/2007 02:00;2007;Egyptian police opened fire on a group of 26 migrants along the Israeli border, 15 km south of Rafah. A Sudanese woman killed dies (Jul 23, 2007);rafah;AFP;http://platform.blogs.com/passionofthepresent/2007/07/sudanese-man-sh.html;Del grande;1038;1;;;Egypt;34.240191;31.280267;;
594;25/07/2007 02:00;2007;Recovered a body near the small boat overturned, 18 miles south of Capo Passero, Syracuse. No trace of the other passengers, perhaps drowned (Jul 25, 2007);capo;La Sicilia;http://www.lasicilia.it/articoli.nsf/%28ArchivioLaSiciliait%29/67DB96764E171BFEC1257323003BD1C2?OpenDocument;Del grande;1040;1;;;Italy;14.742693;38.158524;Central Mediteranean route;
593;26/07/2007 02:00;2007;Fished out a dead body on the coast of Arzew, near Oran (Jul 26, 2007);oran;Le Quotidien dOran;http://www.lequotidien-oran.com/index.php?news=503381;Del grande;1041;1;;;Algeria;-0.633056;35.696944;Western Mediteranean route;
592;27/07/2007 02:00;2007;A dead on a boat drifting for 10 days on routes to Sardinia, rescued off Tabarqa (Jul 27, 2007);sardinia;France Presse;http://www.algerfree.com/news/un-mort-et-sept-survivants-algeriens-au-large-de-la-Tunisie.html;Del grande;1042;1;;;Tunisia;9.012893;40.120875;Central Mediteranean route;
591;28/07/2007 02:00;2007;Lost track of a vessel with 25 passengers on board, probably sank in stormy seas between Libya and Malta, after having sounded the alarm (Jul 28, 2007);malta;Times of Malta;http://www.timesofmalta.com/core/article.php?id=269443;Del grande;1043;25;;;Malta;14.375416;35.937496;Central Mediteranean route;
590;31/07/2007 02:00;2007;The Moroccan border police opened fire on a group of 37 people at the time of embarkation to the Canary Islands, on the coast of El 'Ayun and kills 2 people. Two injured in hospital of El 'Ayun. The others are arrested (Jul 31, 2007);'ayun;Afrik;http://www.afrik.com/article12221.html;Del grande;1044;2;;;Morocco;;;;
589;02/08/2007 02:00;2007;Sinking boat off the coast of Samos, dies drowned a woman of 27 years (Aug 2, 2007);samos;Kathimerini;http://www.ekathimerini.com/4dcgi/news/content.asp?aid=86467;Del grande;1045;1;;;Greece;26.820351;37.743215;Eastern Mediteranean route Sea;
588;04/08/2007 02:00;2007;Two men reach to Pantelleria swimming after the overthrow of the boat. Lost at sea 3 companions (Aug 4, 2007);pantelleria;Adnkronos;http://www.adnkronos.com/IGN/Regioni/Sicilia.php?id=1.0.1177773888;Del grande;1046;3;;;Italy;11.940496;36.828221;Central Mediteranean route;
587;07/08/2007 02:00;2007;Port of Algeciras: a man clinging under a truck to land secretly in Spain, loses his grip and dies crushed by the wheels of the vehicle (Aug 7, 2007);algeciras;El Pais;http://www.elpais.com/articulo/espana/Muere/inmigrante/Algeciras/caer/bajos/camion/viajaba/oculto/ser/atropellado/elpepuesp/20070808elpepunac_5/Tes;Del grande;1047;1;;;Spain;-5.453909;36.132977;Western Mediteranean route;
586;09/08/2007 02:00;2007;Boat capsizes 35 miles south of Capo Passero, Syracuse. A drowned (Aug 9, 2007);capo;Adnkronos;http://www.adnkronos.com/IGN/Cronaca/?id=1.0.1193458648;Del grande;1048;1;;;Italy;14.742693;38.158524;Central Mediteranean route;
585;10/08/2007 02:00;2007;Shipwreck off the coast of Ayvalik, in Balikesir province, on the routes to the island of Lesvos. One dead and one missing (Aug 10, 2007);lesvos;Kathimerini;http://www.ekathimerini.com/4dcgi/news/content.asp?aid=86664;Del grande;1049;2;;;Turkey;26.372171;39.16408;Eastern Mediteranean route Sea;
584;11/08/2007 02:00;2007;A Russian cargo ship rescues boat adrift 50 miles south of the island. According to the survivors, a man died during the crossing (Aug 11, 2007);Malta;Times of Malta;http://www.timesofmalta.com/core/article.php?id=270989;Del grande;1050;1;;;Malta;14.375416;35.937496;Central Mediteranean route;
583;11/08/2007 02:00;2007;A boat capsizes at sea, 60 miles south of the island. Spanish rescued cruise ship Jules Verne, 11 are missing at sea (Aug 11, 2007);Malta;Times of Malta;http://www.timesofmalta.com/core/article.php?id=270989;Del grande;1051;11;;;Malta;14.375416;35.937496;Central Mediteranean route;
582;11/08/2007 02:00;2007;Recovered a dead body in the sea during the rescue operation of a boat carrying more than 250 passengers, 28 miles south of Lampedusa (Aug 11, 2007);lampedusa;Ansa;http://www.ansa.it/site/notizie/awnplus/italia/news/2007-08-11_111114408.html;Del grande;1052;1;;;Italy;12.59292;35.508622;Central Mediteranean route;
581;11/08/2007 02:00;2007;Gjon Kusani, 28, Albanian, dies of a heart attack while walking across the Trieste Karst, to pass the border illegally Slovenia-Italy (Aug 11, 2007);albania;Il Piccolo;http://espresso.repubblica.it/dettaglio-local//1718827;Del grande;1053;1;;;Italy;20.168331;41.153332;;
580;12/08/2007 02:00;2007;Recovered south of Lampedusa the body of a man drowned (Aug 12, 2007);lampedusa;Adnkronos;http://www.adnkronos.com/IGN/Cronaca/?id=1.0.1200295430;Del grande;1054;1;;;Italy;12.59292;35.508622;Central Mediteranean route;
573;23/08/2007 02:00;2007;The vessel Ophelia, of Mazzara del Vallo, rescues a man at sea, 70 miles south of Lampedusa, the only survivor of a shipwreck which killed 45 people, including a woman (Aug 23, 2007);vallo;Adnkronos;http://www.adnkronos.com/IGN/Cronaca/?id=1.0.1227431464;Del grande;1061;45;;;Italy;9.137443;42.434479;;
571;23/08/2007 02:00;2007;Fished a corpse in Mers El Hadjadj, Arzew (Aug 23, 2007);arzew;Le Quotidien dOran;http://www.lequotidien-oran.com/index.php?news=504439;Del grande;1063;1;;;Algeria;-0.316667;35.85;Western Mediteranean route;
570;25/08/2007 02:00;2007;Landing in Lampedusa Cala Pisa. Passengers speak of 6 died of starvation in eight days adrift (Aug 25, 2007);lampedusa;Ansa;http://www.infinitoedizioni.it/index.php?id=121&tx_ttnews%5Btt_news%5D=532&tx_ttnews%5BbackPid%5D=3&cHash=98de22ce18;Del grande;1064;6;;;Italy;12.59292;35.508622;Central Mediteranean route;
565;30/08/2007 02:00;2007;Fished out a dead body off the island of Samos (Aug 30, 2007);samos;Kathimerini;http://www.ekathimerini.com/4dcgi/news/content.asp?aid=87254;Del grande;1069;1;;;Greece;26.820351;37.743215;Eastern Mediteranean route Sea;
564;01/09/2007 02:00;2007;Boat capsizes 15 miles off the island of Currents, in Pachino (Syracuse), 1 dead and 3 missing (Sep 1, 2007);Syracuse;Repubblica;http://www.repubblica.it/2007/07/sezioni/cronaca/immigrati/capopassero/capopassero.html;Del grande;1070;4;;;Italy;15.286586;37.075474;Central Mediteranean route;
563;03/09/2007 02:00;2007;Capsizes off the coast of Dakhla, boat departed from Mauritania and live in the Canary Islands. 4 bodies recovered, at least 28 missing (Sep 3, 2007);dakhla;Bbc;http://news.bbc.co.uk/1/hi/world/africa/6975811.stm;Del grande;1071;32;;;Morocco;-15.93698;23.69751;Western African route;
562;07/09/2007 02:00;2007;Boat gets stuck on a rock about twenty meters from the coast of Agimes on the island of Gran Canaria. The water is two meters deep. Passengers plunge believing touching, but 10 drowned (Sep 7, 2007);canaria;El Pais;http://www.elpais.com/articulo/espana/inmigrantes/mueren/ahogados/metros/costa/canaria/naufragar/patera/elpepuesp/20070908elpepinac_1/Tes;Del grande;1072;10;;;Spain;-16.62913;28.291564;Western African route;
561;09/09/2007 02:00;2007;Fished out the body of a man in Sacratif, near Motril (Sep 9, 2007);sacratif;Abc;http://www.abc.es/hemeroteca/historico-09-09-2007/sevilla/Andalucia/hallan-en-un-acantilado-un-cadaver-que-podria-ser-de-un-inmigrante-huido-de-la-patera-de-carchuna_164733150275.html;Del grande;1073;1;;;Spain;-3.465102;36.695639;Western Mediteranean route;
560;12/09/2007 02:00;2007;Shipwreck off the island of Anjouan, Comoros, a kwassa-kwassa direct the French island of Mayotte: 4 dead, 15 missing (Sep 12, 2007);mayotte;Jeune Afrique;http://www.jeuneafrique.com/jeune_afrique/article_depeche.asp?art_cle=AFP84207desclsuraps0;Del grande;1074;19;;;Mayotte;45.166244;-12.8275;;
557;15/09/2007 02:00;2007;Spills in Egyptian waters of Edko, near Alexandria, a vessel with 83 passengers directly in Italy, 8 dead (Sep 15, 2007);alexandria;Associated Press;http://www.iht.com/articles/ap/2007/09/15/africa/ME-GEN-Egypt-Human-Trafficking.php;Del grande;1077;8;;;Egypt;29.918739;31.200092;;
556;17/09/2007 02:00;2007;Egyptian police shot an Eritrean man as he tried to cross the border with Israel in the central area of __the Sinai peninsula, and kills him (Sep 17, 2007);Sinai, Egypt;Reuters;http://www.alertnet.org/thenews/newsdesk/L17896530.htm;Del grande;1078;1;;;Egypt;32.899829;24.088938;;
555;18/09/2007 02:00;2007;Boat capsizes a mile from Cabo de Gata, Andalusia. Recovered a dead body in Nijar, Almeria, 5 missing (Sep 18, 2007);gata;El Pais;http://www.elpais.com/articulo/espana/Hallado/Almeria/cuerpo/inmigrantes/naufragaron/patera/elpepuesp/20070918elpepinac_17/Tes;Del grande;1079;5;;;Spain;0.08519;38.77474;Western Mediteranean route;
554;21/09/2007 02:00;2007;Driver dies in a car crash in Thessaloniki to escape the police: 9 carrying undocumented migrants to Athens (Sep 21, 2007);athens;Kathimerini;http://www.ekathimerini.com/4dcgi/news/content.asp?aid=88061;Del grande;1080;1;;;Greece;23.72931;37.983716;Eastern Mediteranean route Sea;
549;26/09/2007 02:00;2007;Young drowned trying to reach Ceuta swimming (Sep 26, 2007);ceuta;Europa Press;http://www.europapress.es/noticiasocial.aspx?cod=20070926165043&ch=329;Del grande;1085;1;;;Spain;-5.324636;35.888384;Western Mediteranean route;
548;01/10/2007 02:00;2007;Shipwreck in the province of Balikesir, 16 missing in sea (Oct 1, 2007);balikesir;Kuna;http://www.kuna.net.kw/NewsAgenciesPublicSite/ArticleDetails.aspx?id=1845324&Language=en;Del grande;1086;16;;;Turkey;27.88261;39.648369;Eastern Mediteranean route Sea;
547;01/10/2007 02:00;2007;Spotted a corpse 105 miles southwest of Malta (Oct 1, 2007);malta;Adnkronos;http://www.adnkronos.com/IGN/Cronaca/?id=1.0.1372302542;Del grande;1087;1;;;Malta;14.375416;35.937496;Central Mediteranean route;
546;09/10/2007 02:00;2007;"Recovered a dead body in an advanced state of decomposition between the networks of the vessel ""La Pastora"", Nijar, Almera close. It is the third body fished out in a week (Oct 9, 2007)";almera;El Mundo;http://www.elmundo.es/elmundo/2007/10/09/espana/1191915684.html;Del grande;1088;1;;;Spain;-0.992914;37.617153;Western Mediteranean route;
545;11/10/2007 02:00;2007;Recovered a dead body five miles south of Lampedusa (Oct 11, 2007);lampedusa;Ansa;http://www.elmundo.es/elmundo/2007/10/09/espana/1191915684.html;Del grande;1089;1;;;Italy;12.59292;35.508622;Central Mediteranean route;
544;14/10/2007 02:00;2007;Egyptian police shooting at a Sudanese refugee along the border with Israel and kills him (Oct 14, 2007);Sinai, Egypt;Ahn;http://www.allheadlinenews.com/articles/7008833394;Del grande;1090;1;;;Egypt;32.899829;24.088938;;
542;16/10/2007 02:00;2007;"Fourth body recovered from the nets of the fishing vessel ""La Pastora"", in Cabo de Gata, Almeria (Oct 16, 2007)";gata;El Mundo;http://www.elmundo.es/elmundo/2007/10/16/espana/1192519427.html;Del grande;1092;1;;;Spain;0.08519;38.77474;Western Mediteranean route;
541;16/10/2007 02:00;2007;Three bodies fished off the coast of Sejnane in the north east of the country (Oct 16, 2007);Sejnane, algeria;Quotidien dOran;http://www.lequotidien-oran.com/index.php?news=506754;Del grande;1093;3;;;Tunisia;9.23422;37.150437;Central Mediteranean route;
539;22/10/2007 02:00;2007;Sinking canoe live in the Canary Islands, broken under the weight of 160 passengers from the waves of a stormy sea. The news the families of 150 missing, last Friday celebrated the funeral in Kolda collective (Oct 22, 2007);kolda;Seneweb;http://www.seneweb.com/news/article/12796.php;Del grande;1095;150;;;Senegal;-14.94427;12.89952;Western African route;
538;22/10/2007 02:00;2007;Boat capsizes in stormy seas off the coast of Samos, 17 missing (Oct 22, 2007);samos;Kathimerini;http://www.ekathimerini.com/4dcgi/_w_articles_politics_100012_23/10/2007_89256;Del grande;1096;17;;;Greece;26.820351;37.743215;Eastern Mediteranean route Sea;
531;06/11/2007 01:00;2007;Fished out a dead body in the Citadel of Maccheri, in the district of San Lorenzo, in the province of Syracuse. This brings to 16 the number of bodies found in the shipwreck of Vendicari (Nov 6, 2007);vendicari;Adnkronos;http://it.notizie.yahoo.com/adnkxml/20071106/tit-immigrati-ripescato-altro-cadavere-n-afde0ec_1.html;Del grande;1103;1;;;Italy;15.135476;36.868991;Central Mediteranean route;
530;06/11/2007 01:00;2007;Rescued in La Guera, on the border with Western Sahara, a canoe adrift for three weeks after an engine failure en route to the Canary Islands. On board 101 survivors. Thrown overboard the bodies of 56 migrants died of starvation during the journey. They had started from Ziguinchor, Senegal (Nov 6, 2007);canary;El Pais;http://medios.mugak.eu/noticias/noticia/119539;Del grande;1104;56;;;Mauritania;-16.62913;28.291564;Western African route;
529;09/11/2007 01:00;2007;Police fire on two migrants illegally entered walk to the Albanian border, near Florina. A dead (Nov 9, 2007);albania;Abc;http://www.ekathimerini.com/4dcgi/news/content.asp?aid=89879;Del grande;1105;1;;;Greece;20.168331;41.153332;;
528;10/11/2007 01:00;2007;Recovered in the Alboran, near El Ejido, Andalusia, the bodies of two men and a woman. Already 9 bodies fished out from early October on the coast of Almeria (Nov 10, 2007);almeria;Abc;http://medios.mugak.eu/noticias/noticia/120309;Del grande;1106;3;;;Spain;-2.463714;36.834047;Western Mediteranean route;
527;10/11/2007 01:00;2007;5 Dead survivors of La Guera. They were hospitalized in Nouadhibou (Nov 10, 2007);nouadhibou;Abc;http://medios.mugak.eu/noticias/noticia/120309;Del grande;1107;5;;;Mauritania;-17.036227;20.942518;Western African route;
526;13/11/2007 01:00;2007;Shipwreck 1700 km south of the Canaries. 8 bodies recovered, 50 missing in sea (Nov 13, 2007);canaries;Afrol News;http://www.afrol.com/articles/27202;Del grande;1108;58;;;Gambia;-16.62913;28.291564;Western African route;
524;14/11/2007 01:00;2007;Fished on the beach Draouch, to Ghazaouet, the body of a drowned man on routes to Spain (Nov 14, 2007);ghazaouet;Le Quotidien dOran;http://www.lequotidien-oran.com/index.php?news=508280;Del grande;1110;1;;;Algeria;-1.85;35.1;Western Mediteranean route;
523;16/11/2007 01:00;2007;A police officer shoots a migrant to a checkpoint and kills him (Nov 16, 2007);Cyprus;Turkish Daily News;http://www.turkishdailynews.com.tr/article.php?enewsid=88880;Del grande;1111;1;;;Cyprus;33.429859;35.126413;;
521;01/12/2007 01:00;2007;Boat rescued off the coast of Las Palmas, in the Canary Islands, 2 dead on board (Dec 1, 2007);canary;El Pais;http://www.elpais.com/articulo/espana/Rescatado/cayuco/48/africanos/cadaveres/rumbo/mar/elpepunac/20071201elpepinac_15/Tes;Del grande;1113;2;;;Spain;-16.62913;28.291564;Western African route;
520;04/12/2007 01:00;2007;Rescued by the Dutch ship Fairepartner boat drifting over on route to Spain, 76 miles north of Mostaganem. Fished a corpse, 11 missing in sea (Dec 4, 2007);mostaganem;Le Quotidien dOran;http://www.lequotidien-oran.com/index.php?news=509455;Del grande;1114;12;;;Algeria;0.089767;35.939838;Western Mediteranean route;
519;04/12/2007 01:00;2007;French police ramming patrol boat of migrants from the Comoros Islands, off the coast of the French island of Mayotte, 2 dead and 8 missing at sea (Dec 4, 2007);mayotte;Le Monde;http://www.lemonde.fr/web/recherche_breve/1;Del grande;1115;10;;;Mayotte;45.166244;-12.8275;;
518;05/12/2007 01:00;2007;3 deaths on board the last two boats arrived in Tenerife, in the Canary Islands (Dec 5, 2007);tenerife;El Pais;http://www.elpais.com/articulo/espana/inmigrantes/llegan/muertos/Tenerife/cayucos/otras/85/personas/elpepuesp/20071205elpepunac_1/Tes;Del grande;1116;3;;;Spain;-16.62913;28.291564;Western African route;
517;06/12/2007 01:00;2007;Cargo load of migrants landed on the island of Crete in Kato Zakros, Lasithi. On board one of the passengers is found dead (Dec 6, 2007);crete;In;http://www.in.gr/news/article.asp?lngEntityID=855303;Del grande;1117;1;;;Greece;24.809269;35.240117;Eastern Mediteranean route Sea;
516;09/12/2007 01:00;2007;A dead on board a pirogue arrived on the island of El Hierro in the Canary Islands (Dec 9, 2007);hierro;El Pais;http://www.elpais.com/articulo/espana/Llega/Hierro/cayuco/inmigrantes/muerto/elpepuesp/20071209elpepunac_5/Tes;Del grande;1118;1;;;Spain;-18.024301;27.725499;Western African route;
515;10/12/2007 01:00;2007;Match the island of Djogu, in Casamance, and directed to the Canary Islands, a pirogue with 130 passengers returns to Tonghor Yoff, Dakar, after 12 days adrift. A dead man on board, 39 other corpses abandoned at sea (Dec 10, 2007);Tonghor Yoff, Dakar;Walfadjri;http://www.seneweb.com/news/article/13669.php;Del grande;1119;40;;;Senegal;-17.481736;14.762683;Western African route;
514;10/12/2007 01:00;2007;Shipwreck in Izmir on the route to the Greek island of Hios. 50 bodies recovered, 29 missing in sea (Dec 10, 2007);izmir;Turkish Daily News;http://www.turkishdailynews.com.tr/article.php?enewsid=91336;Del grande;1120;50;;;Turkey;27.12872;38.41885;Eastern Mediteranean route Sea;
513;10/12/2007 01:00;2007;Shipwreck off the coast of Dakhla, on the route to the Canary Islands. There were no survivors among the 50 passengers. Only 6 bodies recovered (Dec 10, 2007);dakhla;El Pais;http://www.elpais.com/articulo/internacional/patera/inmigrantes/naufraga/aguas/marroquies/elpepuint/20071210elpepiint_10/Tes;Del grande;1121;50;;;Morocco;-15.93698;23.69751;Western African route;
512;10/12/2007 01:00;2007;Fished in the waters of Bouzedjar the corpse of a drowned man on routes to Spain (Dec 10, 2007);Bouzedjar, algeria;Le Quotidien d'Oran;http://www.lequotidien-oran.com/index.php?news=5095595;Del grande;1122;1;;;Algeria;-1.142499;35.579544;Western Mediteranean route;
509;19/12/2007 01:00;2007;Found the body of the eighth victim of the wreck yesterday in Bodrum (Dec 19, 2007);Bodrum;Kathimerini;http://www.ekathimerini.com/4dcgi/news/content.asp?aid=91322;Del grande;1125;1;;;Turkey;27.43029;37.035339;Eastern Mediteranean route Sea;
506;26/12/2007 01:00;2007;2 dead, 3 missing after a shipwreck off the coast of Sfax (Dec 26, 2007);sfax;As-Sabah;http://it.notizie.yahoo.com/asca/20080107/twl-immigrati-morti-al-largo-di-tunisia-b689c2c_1.html;Del grande;1128;5;;;Tunisia;10.7613;34.745159;Central Mediteranean route;
505;28/12/2007 01:00;2007;Fished out the body of a boy in the port of Ceuta, drowned while trying to reach a liner Live in Spain (Dec 28, 2007);ceuta;Abc;http://www.abc.es/20071228/nacional-sucesos/fallece-ceuta-inimigrante-marroqui_200712280302.html;Del grande;1129;1;;;Spain;-5.324636;35.888384;Western Mediteranean route;
;02/01/2008 00:00;2008;died crossing the Oder/Neisse border. German police did not record the precise date.;;German Federal Police;;;;1;Germany;Poland;Germany;14.197083;52.825559;;drowned
501;04/01/2008 01:00;2008;Rescued by a fishing boat, the remains of migrants drowned 4, 270 km south of Dakhla, off Cap Barbars (Jan 4, 2008);dakhla;Panapress;http://www.afriquenligne.fr/actualites/societe/maroc:-les-corps-de-4-subsahariens-repeches-au-large-du-sahara-occidental-2008010414472/;Del grande;1133;4;;;Morocco;-15.93698;23.69751;Western African route;
500;05/01/2008 01:00;2008;Sinking a boat heading to Italy, only one survivor. 45 the drowned (Jan 5, 2008);Libya;Al Badil;http://docs.google.com/viewer?url=http://fortresseurope.googlegroups.com/web/RAPPORTO+EGITTO.doc?hl=it&gda=O--8QEUAAAA6xOJURI9ZxmuVTIzrKY9J_Zx6o1h2tKyLtBcVaK1ONLQTHst6Yf70JwK7A7mmMStbNl8wi2yIucJk5oIH-yH0Gu1iLHeqhw4ZZRj3RjJ_-A&gsc=a0gpAwsAAAD3Bhi2pdY5Nle2vhiJN4Vh;Del grande;1134;45;;;Libya;17.228331;26.3351;;
499;06/01/2008 01:00;2008;Discovered in Los Canos, Barbate, the bodies of six migrants drowned (Jan 6, 2008);barbate;El Pais;http://www.elpais.com/articulo/espana/Recuperados/cadaveres/papeles/playas/Cadiz/elpepiesp/20080107elpepinac_12/Tes/;Del grande;1135;6;;;Spain;-5.92248;36.19002;Western Mediteranean route;
498;06/01/2008 01:00;2008;A group of families of the regions of Minufiyah Daqliyah and denounce the disappearance at sea of __51 young Egyptians. Had embarked for Greece (Jan 6, 2008);minufiyah;Al Wafd;http://docs.google.com/viewer?url=http://fortresseurope.googlegroups.com/web/RAPPORTO+EGITTO.doc?hl=it&gda=O--8QEUAAAA6xOJURI9ZxmuVTIzrKY9J_Zx6o1h2tKyLtBcVaK1ONLQTHst6Yf70JwK7A7mmMStbNl8wi2yIucJk5oIH-yH0Gu1iLHeqhw4ZZRj3RjJ_-A&gsc=a0gpAwsAAAD3Bhi2pdY5Nle2vhiJN4Vh;Del grande;1136;51;;;Egypt;30.987632;30.597246;;
497;10/01/2008 01:00;2008;Found a seventh corpse in Barbate (Jan 10, 2008);barbate;Abc;http://www.abc.es/20080110/nacional-sucesos/septimo-cadaver-seis-dias_200801100248.html;Del grande;1137;1;;;Spain;-5.92248;36.19002;Western Mediteranean route;
496;11/01/2008 01:00;2008;A man dives into the sea from a boat drifting 50 miles south of Lampedusa, to swim to a nearby fishing boat and ask for help. But once on board are discarded by the commander Mariano Ruggiero after a scuffle and drowned (Jan 11, 2008);lampedusa;Repubblica;http://www.repubblica.it/2007/11/sezioni/cronaca/immigrati-3/omicidio-peschereccio/omicidio-peschereccio.html;Del grande;1138;1;;;Italy;12.59292;35.508622;Central Mediteranean route;
495;13/01/2008 01:00;2008;Boat rescued 90 miles south of the island of Gran Canaria. On board 3 dead (Jan 13, 2008);canaria;El Pais;http://www.elpais.com/articulo/espana/Rescatados/88/inmigrantes/muertos/aguas/Canarias/elpepiesp/20080113elpepinac_16/Tes;Del grande;1139;3;;;Spain;-16.62913;28.291564;Western African route;
494;14/01/2008 01:00;2008;Repatriated from Turkey 20 Egyptians. They are the survivors of a shipwreck on the way to Greece, claimed the lives of 8 young people of the city of Bisat Karim Ad-din (Jan 14, 2008);egypt;Al-Dustur;http://docs.google.com/viewer?url=http://fortresseurope.googlegroups.com/web/RAPPORTO+EGITTO.doc?hl=it&gda=O--8QEUAAAA6xOJURI9ZxmuVTIzrKY9J_Zx6o1h2tKyLtBcVaK1ONLQTHst6Yf70JwK7A7mmMStbNl8wi2yIucJk5oIH-yH0Gu1iLHeqhw4ZZRj3RjJ_-A&gsc=a0gpAwsAAAD3Bhi2pdY5Nle2vhiJN4Vh;Del grande;1140;8;;;Turkey;30.802498;26.820553;;
488;22/01/2008 01:00;2008;Landing in Torre del Puerco, in Conil (Cadiz). The boat capsizes in only a meter from the beach, two men die drowned (Jan 22, 2008);torre;El Pais;http://www.elpais.com/articulo/espana/Mueren/papeles/volcar/patera/playa/Conil/elpepiesp/20080123elpepinac_15/Tes;Del grande;1146;2;;;Spain;-4.092531;36.744421;Western Mediteranean route;
487;22/01/2008 01:00;2008;Afghan 14 year old dies flayed from the asphalt, while traveling hidden under a truck bound party from Greece and landed in Ancona. The body was found in Bertinoro, in the province of Forl-Cesena (Jan 22, 2008);ancona;Romagna Oggi;http://www.romagnaoggi.it/showarticle.php?articleID=288620&posizione=24_ore_romagna&storico=tutti;Del grande;1147;1;;;Italy;13.518915;43.61583;;
484;30/01/2008 01:00;2008;Egyptian police kill two migrants at Israeli border gunfire from fire. The victims are a 22 year old guy and a girl of 18. Another migrant was killed in early January (Jan 30, 2008);Sinai, Egypt;Reuters;http://www.blogger.com/%20http://africa.reuters.com/country/ER/news/usnL30819646.html;Del grande;1150;2;;;Egypt;32.899829;24.088938;;
482;01/02/2008 01:00;2008;Shipwreck off Vintage, on routes to Sardinia, at least 6 missing (Feb 1, 2008);sardinia;Le Quotidien dOran;http://www.lequotidien-oran.com/index.php?news=5098330;Del grande;1152;6;;;Algeria;9.012893;40.120875;Central Mediteranean route;
481;03/02/2008 01:00;2008;Fished out the bodies of two migrants drowned, one on the beach of La Barrosa, Chiclana (Cadiz) and the other in front of Isleta in Tarifa (Feb 3, 2008);tarifa;El Pais;http://www.elpais.com/articulo/andalucia/Hallados/cadaveres/identificar/aguas/Cadiz/elpepiespand/20080203elpand_1/Tes;Del grande;1153;2;;;Spain;-5.600819;36.018776;Western Mediteranean route;
480;06/02/2008 01:00;2008;In Ceuta, a man dies crushed under the wheels of the bus tour in which he was hiding to embark towards Algeciras (Feb 6, 2008);algeciras;El Pais;http://www.elpais.com/articulo/espana/inmigrante/muere/caer/bus/fugaba/elpepiesp/20080206elpepinac_21/Tes;Del grande;1154;1;;;Spain;-5.453909;36.132977;Western Mediteranean route;
479;13/02/2008 01:00;2008;Shipwreck in the waters of Tarfaya on the route to the Canary Islands, 24 missing (Feb 13, 2008);tarfaya;Abc;http://www.abc.es/20080214/nacional-sucesos/desaparecen-subsaharianos-iban-hacia_200802140249.html;Del grande;1155;24;;;Morocco;-12.91871;27.93556;Western African route;
478;16/02/2008 01:00;2008;Egyptian police kill Eritrean woman, Mervat Mer Hatover, on the border with Israel by shooting as he tried to jump the barbed wire fence in the region of El Kuntilla in the south of the Sinai peninsula (Feb 16, 2008);El Kuntilla, Egypt;Amnesty;http://www.amnesty.org.uk/news_details.asp?NewsID=17673;Del grande;1156;1;;;Egypt;34.679418;30.000473;;
477;19/02/2008 01:00;2008;Egyptian police kill a Sudanese Ermeniry Khasheef, on the border with Israel by shooting him in the back while trying to overcome the barrier of barbed wire near Rafah (Feb 19, 2008);rafah;Amnesty;http://www.amnesty.org.uk/news_details.asp?NewsID=17673;Del grande;1157;1;;;Egypt;34.240191;31.280267;;
476;25/02/2008 01:00;2008;Another Eritrean woman killed in the shooting of Egyptian border police along the border with Israel (Feb 25, 2008);Sinai, Egypt;Reuters;http://africa.reuters.com/country/ER/news/usnL25673152.html;Del grande;1158;1;;;Egypt;32.899829;24.088938;;
475;01/03/2008 01:00;2008;Fished out the body of a woman drowned in front of the coast of Canos de Meca, Barbate, Cdiz close (Mar 1, 2008);barbate;Abc;http://www.abc.es/20080301/nacional-sucesos/inmigrante-muere-ahogada-cadiz_200803010252.html;Del grande;1159;1;;;Spain;-5.92248;36.19002;Western Mediteranean route;
474;03/03/2008 01:00;2008;Fished out a dead body along the coasts of Bthioua, near Oran (Mar 3, 2008);oran;Le Quotidien dOran;http://www.lequotidien-oran.com/index.php?news=5100130;Del grande;1160;1;;;Algeria;-0.633056;35.696944;Western Mediteranean route;
473;05/03/2008 01:00;2008;Two found dead on board a pirogue landed in the Canary Islands, the port of Los Cristianos, Tenerife (Mar 5, 2008);tenerife;Afp;http://www.jeuneafrique.com/jeune_afrique/article_depeche.asp?art_cle=AFP33038deuxiseiran0;Del grande;1161;2;;;Spain;-16.62913;28.291564;Western African route;
471;18/03/2008 01:00;2008;Egyptian police fired on a group of migrants attempting to cross the Israeli border. An Eritrean woman murdered 25 years dies. It is the eighth victim so far this year (Mar 18, 2008);Sinai, Egypt;Reuters;http://africa.reuters.com/country/EG/news/usnL18667569.html;Del grande;1163;1;;;Egypt;32.899829;24.088938;;
469;23/03/2008 01:00;2008;6 recovered corpses, including that of a Somali woman, Ayse Abdurrahman, off Tekagac, near Didim, in the province of Aydin, victims of a shipwreck that could have made more victims (Mar 23, 2008);didim;Xinhua;http://news.xinhuanet.com/english/2008-03/23/content_7843221.htm;Del grande;1165;6;;;Turkey;27.27349;37.369342;Eastern Mediteranean route Sea;
468;27/03/2008 01:00;2008;Fished in the sea off the coast of Dakhla the bodies of three men and a woman drowned on the routes to the Canary Islands. I could be missing tens (Mar 27, 2008);dakhla;Assabah;http://canarias24horas.com/index.php/2008032747171/inmigracion/rescatados-los-cadaveres-de-cuatro-inmigrantes-en-el-sahara-de-un-posible-cayuco-naufragado.html;Del grande;1166;4;;;Morocco;-15.93698;23.69751;Western African route;
467;27/03/2008 01:00;2008;Two Ivorians killed in the fire of the Egyptian police while trying to cross the border into Israel along the Sinai (Mar 27, 2008);Sinai, Egypt;Reuters;http://africa.reuters.com/country/ER/news/usnL27787267.html;Del grande;1167;2;;;Egypt;32.899829;24.088938;;
466;30/03/2008 01:00;2008;Started three weeks ago from Mostaganem for Spain, 3 men Tiaret are lost at sea. The bodies of two other victims, Tiaret and Rahouia, were repatriated from Spain (Mar 30, 2008);mostaganem;Quotidien dOran;http://www.lequotidien-oran.com/index.php?news=5101353;Del grande;1168;5;;;Algeria;0.089767;35.939838;Western Mediteranean route;
465;30/03/2008 01:00;2008;Fished out a dead body on the beaches of Melilla. Another body was found March 22 in Melilla on the beach of Goods Enzar (Mar 30, 2008);melilla;Diario Sur;http://www.diariosur.es/20080330/melilla/guardia-civil-halla-cerca-20080330.html;Del grande;1169;1;;;Spain;-2.938097;35.292278;Western Mediteranean route;
463;08/04/2008 02:00;2008;Fished in the sea, two miles from Cap Carbon, in the province of Arzew, the bodies of eight men drowned en route to Spain (Apr 8, 2008);arzew;El Khabar;http://www.elkhabar.com/quotidienFrEn/lire.php?idc=122&ida=104653&key=2&cahed=1;Del grande;1171;8;;;Algeria;-0.316667;35.85;Western Mediteranean route;
462;09/04/2008 02:00;2008;Shipwreck on routes to Spain off Bthioua, near Oran. 13 bodies recovered near the port and Mers El Hadjadj, 3 missing in sea (Apr 9, 2008);oran;Algeria Watch;http://www.algeria-watch.org/fr/article/pol/migration/ruee_mort.htm;Del grande;1172;16;;;Algeria;-0.633056;35.696944;Western Mediteranean route;
461;17/04/2008 02:00;2008;Eritrean refugee killed by Border Police gunfire along the border with Israel (Apr 17, 2008);Sinai, Egypt;Reuters;http://africa.reuters.com/country/ER/news/usnL20735292.html;Del grande;1173;1;;;Egypt;32.899829;24.088938;;
458;24/04/2008 02:00;2008;Shipwreck off Chebba on routes to Lampedusa. 3 dead and 20 missing (Apr 24, 2008);lampedusa;Reuters;http://africa.reuters.com/country/TN/news/usnAMA440733.html;Del grande;1176;23;;;Tunisia;12.59292;35.508622;Central Mediteranean route;
457;25/04/2008 02:00;2008;Two men into the sea during the rescue operation of a ship, 80 miles south of Lampedusa. Despite the relief, one of the two drowned (Apr 25, 2008);lampedusa;Ansa;http://www.stranieriinitalia.it/ansa-immigrazione500_soccorsi_in_24_ore_in_siciliaun_morto_3561.html;Del grande;1177;1;;;Italy;12.59292;35.508622;Central Mediteranean route;
456;28/04/2008 02:00;2008;During expulsion in Iraq, the Turkish police throws 18 men in a river along the border to Habur, in the province of Sirnak. 4 die in drowning (Apr 28, 2008);iraq;Turkish Daily News;http://www.turkishdailynews.com.tr/article.php?enewsid=102961;Del grande;1178;4;;;Turkey;43.679291;33.223191;;
454;01/05/2008 02:00;2008;Ebenizer Folefack Sontsa, Cameroon, 32 years old, took his own life in the detention center for immigrants in Merksplas. He was in solitary confinement after an attempt to return on a scheduled flight, failed to protests from some passengers (May 1, 2008);merksplas;Le Soir;http://www.lesoir.be/actualite/belgique/suicide-au-centre-ferme-de-2008-05-01-595575.shtml;Del grande;1180;1;;;Belgium;4.863547;51.35819;;
453;06/05/2008 02:00;2008;7 of the 42 survivors of the shipwreck of Hoceima on April 28, died of starvation once deported and abandoned to the Algerian border in the province of Oujda (May 6, 2008);hoceima;Fortress Europe;http://fortresseurope.blogspot.com/2006/01/aprile-2008.html;Del grande;1181;7;;;Morocco;-3.937112;35.249299;Western Mediteranean route;
452;06/05/2008 02:00;2008;Found in the waters of Cap Carbon, near Arzew, the corpse of a drowned man on the route to Spain (May 6, 2008);arzew;El Watan;http://elharraga.wordpress.com/2008/05/06/un-cadavre-rejete-par-la-mer-a-cap-carbon/;Del grande;1182;1;;;Algeria;-0.316667;35.85;Western Mediteranean route;
451;08/05/2008 02:00;2008;Recovered three bodies near the beach in Delimara, victims of a shipwreck (May 8, 2008);delimara;Times of Malta;http://www.timesofmalta.com/articles/view/20080508/local/third-corpse-found-in-the-sea/;Del grande;1183;3;;;Malta;14.552498;35.834673;Central Mediteranean route;
449;10/05/2008 02:00;2008;Shipwreck off the coast of Teboulba, 3 bodies recovered and 47 missing at sea. The 16 survivors hospitalized in Monastir (May 10, 2008);monastir;Reuters;http://africa.reuters.com/country/TN/news/usnAMA244250.html;Del grande;1185;50;;;Tunisia;10.8261;35.77718;Central Mediteranean route;
448;16/05/2008 02:00;2008;Missing the 21 passengers of a boat at sea by the Coast Guard rejected Samos. According to the only passenger managed to reach the island by swimming, they would all be drowned after the sinking of the boat, pierced in several places by the Greek authorities (May 16, 2008);samos;Reuters;http://fortresseurope.blogspot.com/2006/01/grecia-guardia-costiera-affonda-zodiac.html;Del grande;1186;21;;;Greece;26.820351;37.743215;Eastern Mediteranean route Sea;
447;20/05/2008 02:00;2008;Recovered a dead body in the waters of Samos (May 20, 2008);samos;Yen;http://www.yen.gr/wide/yen.chtm?prnbr=32714;Del grande;1187;2;;;Greece;26.820351;37.743215;Eastern Mediteranean route Sea;
443;24/05/2008 02:00;2008;After three days of searching, it is dispersed 70 miles south of Malta boat with 28 migrants on board (May 24, 2008);malta;Times of Malta;http://www.timesofmalta.com/articles/view/20080523/local/more-illegal-immigrants-arrive/;Del grande;1191;28;;;Malta;14.375416;35.937496;Central Mediteranean route;
442;26/05/2008 02:00;2008;Intercepted a boat one mile from San Bartolome de Tirajana (Gran Canaria}. Aboard two deaths. A third person hospitalized in serious condition at the Hospital Insular, dies soon after (May 26, 2008);tirajana;Abc;http://www.abc.es/20080526/nacional-sucesos/tres-muertos-cuando-intentaban_200805260259.html;Del grande;1192;3;;;Spain;-15.57903;27.759555;Western African route;
441;26/05/2008 02:00;2008;The Italian fishing boat rescued at sea Pegasus 13 castaways. 5 others are reported missing (May 26, 2008);malta;Times of Malta;http://www.timesofmalta.com/articles/view/20080526/local/13-migrants-rescued-five-believed-drowned/;Del grande;1193;5;;;Malta;14.375416;35.937496;Central Mediteranean route;
439;28/05/2008 02:00;2008;A man dies trying to get invested in the Greek island, at Larnaca (May 28, 2008);Larnaca;Turkish Daily News;http://www.turkishdailynews.com.tr/article.php?enewsid=105733;Del grande;1195;1;;;Cyprus;33.633333;34.916667;;
438;29/05/2008 02:00;2008;The body of a man, in an advanced state of decomposition, was found in Castelvetrano (Trapani) on the beach of the nature reserve at the mouth of the river Belice (May 29, 2008);trapani;Ansa;http://www.siciliainformazioni.com/giornale/cronaca/sicilia/19452/trovato-cadavere-spiaggia-trapanese-forse-immigrato.htm?a=comment;Del grande;1196;1;;;Italy;12.537202;38.017618;Central Mediteranean route;
437;31/05/2008 02:00;2008;A corpse recovered a mile east of Lampedusa, after reporting to a boater (May 31, 2008);lampedusa;Ansa;http://www.agenziami.it/ultime/3762/Immigrazione+cadavere+recuperato+im+mare/;Del grande;1197;1;;;Italy;12.59292;35.508622;Central Mediteranean route;
436;01/06/2008 02:00;2008;A corpse fished out 300 meters from Punta Sottile, in Lampedusa. The lifeless body of another castaway, in an advanced state of decomposition, was located 14 miles from the coast, while in the late evening of Friday, another body was recovered off the coast of Lampedusa (Jun 1, 2008);punta;Adnkronos;http://www.adnkronos.com/IGN/Cronaca/?id=1.0.2216752396;Del grande;1198;1;;;Italy;-16.324539;28.569022;Western African route;
435;02/06/2008 02:00;2008;Found the lifeless body of a woman on the beach of Cala Maluk, in Lampedusa (Jun 2, 2008);lampedusa;Adnkronos;http://www.adnkronos.com/IGN/Cronaca/?id=1.0.2218210842;Del grande;1199;1;;;Italy;12.59292;35.508622;Central Mediteranean route;
434;02/06/2008 02:00;2008;Fished out the body of a woman 36 miles southwest of Agrigento. This is the eighth lifeless body was found in the last three days between Agrigento and Lampedusa (Jun 2, 2008);lampedusa;Ansa;http://www.ansa.it/;Del grande;1200;1;;;Italy;12.59292;35.508622;Central Mediteranean route;
433;06/06/2008 02:00;2008;Shipwreck off the coast of Libya. Recovered 13 bodies. Three of the bodies are in an advanced state of decomposition and may therefore belong to a second shipwreck, but for which you do not have any news (Jun 6, 2008);libya;Repubblica;http://www.repubblica.it/2008/06/sezioni/cronaca/naufragio-6giu/naufragio-6giu/naufragio-6giu.html;Del grande;1201;13;;;Libya;17.228331;26.3351;;
432;06/06/2008 02:00;2008;Discovered a dead body on the rocks of Linosa, the smallest of the Pelagie Islands (Jun 6, 2008);linosa;Ansa;http://www.ansa.it/;Del grande;1202;1;;;Italy;12.868741;35.866074;Central Mediteranean route;
431;07/06/2008 02:00;2008;Recovered a second body on the island of Linosa. Another body was fished out two miles south of Lampedusa (Jun 7, 2008);lampedusa;Ansa;http://www.ansa.it/;Del grande;1203;1;;;Italy;12.59292;35.508622;Central Mediteranean route;
430;07/06/2008 02:00;2008;Shipwreck off Zuwarah. Recovered 40 bodies. At least 100 missing. Only one survivor (Jun 7, 2008);Zuwarah;Repubblica;http://www.repubblica.it/2008/02/sezioni/cronaca/sbarchi-immigrati/nuovi-sbarchi/nuovi-sbarchi.html;Del grande;1204;100;;;Libya;12.083333;32.933333;Central Mediteranean route;
428;10/06/2008 02:00;2008;Is reversed in an accident in Dogubayazit, in eastern Turkey, a truckload of migrants. 2 dead (Jun 10, 2008);dogubayazit;Haber;http://haber.turk.net/haber_detay.asp?ID=2048979&cat=ENG;Del grande;1206;2;;;Turkey;44.074207;39.54864;;
427;11/06/2008 02:00;2008;A body recovered from the Italian Coast Guard patrol boat Fiorillo 54 miles south of the island (Jun 11, 2008);malta;Ansa;http://www.stranieriinitalia.it/ansa-immigrazione_recuperato_cadavere_al_largo_di_malta_4336.html;Del grande;1207;1;;;Malta;14.375416;35.937496;Central Mediteranean route;
426;11/06/2008 02:00;2008;Shipwreck off the coast of Egypt, on its way to Greece. Needless to the alarm of one of the passengers, Mohammed Hassan Al-Shaikh. 51 people drown (Jun 11, 2008);egypt;Al-Masry Al-Yawm;http://docs.google.com/viewer?url=http://fortresseurope.googlegroups.com/web/RAPPORTO+EGITTO.doc?hl=it&gda=O--8QEUAAAA6xOJURI9ZxmuVTIzrKY9J_Zx6o1h2tKyLtBcVaK1ONLQTHst6Yf70JwK7A7mmMStbNl8wi2yIucJk5oIH-yH0Gu1iLHeqhw4ZZRj3RjJ_-A&gsc=a0gpAwsAAAD3Bhi2pdY5Nle2vhiJN4Vh;Del grande;1208;51;;;Egypt;30.802498;26.820553;;
425;12/06/2008 02:00;2008;A Somali citizen, named Adam Terry, dies killed by a shot of a firearm during a protest erupted in KIrklareli detention camp near the border with Bulgaria and Greece (Jun 12, 2008);kirklareli;Anatolie;http://www.romandie.com/infos/news2/080612135316.m9lks2kc.asp;Del grande;1209;1;;;Turkey;27.216667;41.733333;Eastern Mediteranean route Land;
424;14/06/2008 02:00;2008;Found a body in an advanced state of decomposition near Marsaxlokk (Jun 14, 2008);Marsaxlokk, malta;Times of Malta;http://www.timesofmalta.com/articles/view/20080614/local/corpse-found-at-sea/;Del grande;1210;1;;;Malta;14.544722;35.841667;Central Mediteranean route;
422;17/06/2008 02:00;2008;Fished out a dead body in an advanced state of decomposition 10 miles off the coast of Ras El Hamra, on the route between Annaba and Sardinia (Jun 17, 2008);annaba;El Watan;http://www.elwatan.com/Ras-El-Hamra-Annaba-Le-corps-d-un;Del grande;1212;1;;;Algeria;7.755543;36.902859;Central Mediteranean route;
421;17/06/2008 02:00;2008;Repatriated to Egypt, Mr. Mustafa Hassanin tells of a ship intercepted in the Strait of Sicily by a Tunisian military ship and rejected in Libyan waters. During the crossing, a boy drowned after slipping into the water (Jun 17, 2008);tunis;Al-Badil;http://docs.google.com/viewer?url=http://fortresseurope.googlegroups.com/web/RAPPORTO+EGITTO.doc?hl=it&gda=O--8QEUAAAA6xOJURI9ZxmuVTIzrKY9J_Zx6o1h2tKyLtBcVaK1ONLQTHst6Yf70JwK7A7mmMStbNl8wi2yIucJk5oIH-yH0Gu1iLHeqhw4ZZRj3RjJ_-A&gsc=a0gpAwsAAAD3Bhi2pdY5Nle2vhiJN4Vh;Del grande;1213;1;;;Libya;10.16596;36.81881;Central Mediteranean route;
420;19/06/2008 02:00;2008;"The Italian fishing boat ""Shrimp"" rescues 25 other castaways 52 miles south of Malta. A dispersed (Jun 19, 2008)";malta;Repubblica;http://palermo.repubblica.it/notizie-dal-web/dettaglio/Ancora-un-naufragio-nel-canale-di-Sicilia-Disperso-un-immigrato/19779329;Del grande;1214;1;;;Malta;14.375416;35.937496;Central Mediteranean route;
419;19/06/2008 02:00;2008;Egyptian police shot and killed a man along the border with Israel. Since the beginning of 2008 at least 14 people were killed along the border of Sinai (Jun 19, 2008);Sinai, Egypt;Reuters;http://africa.reuters.com/country/ER/news/usnL19206316.html;Del grande;1215;1;;;Egypt;32.899829;24.088938;;
418;19/06/2008 02:00;2008;According to Antonio Sardo, the captain of the fishing boat Gamber, one of the rescued women gave birth to a child who died during the crossing (Jun 19, 2008);Malta;Il Tempo;http://iltempo.ilsole24ore.com/interni_esteri/2008/06/21/893521-donna_aveva_partorito_neonato_morto.shtml;Del grande;1216;1;;;Malta;14.375416;35.937496;Central Mediteranean route;
416;21/06/2008 02:00;2008;Found a dead body on the beach in Chateau Vert, in Skikda, Annaba near drowned on routes to Sardinia (Jun 21, 2008);annaba;El Watan;http://www.elwatan.com/Skikda-en-bref;Del grande;1218;1;;;Algeria;7.755543;36.902859;Central Mediteranean route;
414;22/06/2008 02:00;2008;Spills at sea, off the coast of Kafr Al-Sheikh, on the delta of the Nile, a boat bound for Italy with nine passengers on board. A drowned (Jun 22, 2008);kafr;Al-Masry Al-Yawm;http://docs.google.com/viewer?url=http://fortresseurope.googlegroups.com/web/RAPPORTO+EGITTO.doc?hl=it&gda=O--8QEUAAAA6xOJURI9ZxmuVTIzrKY9J_Zx6o1h2tKyLtBcVaK1ONLQTHst6Yf70JwK7A7mmMStbNl8wi2yIucJk5oIH-yH0Gu1iLHeqhw4ZZRj3RjJ_-A&gsc=a0gpAwsAAAD3Bhi2pdY5Nle2vhiJN4Vh;Del grande;1220;1;;;Egypt;31.085148;31.558247;;
411;28/06/2008 02:00;2008;Egyptian police opened fire on a group of migrants along the Israeli border south of Rafah. Killed two people, including a seven year old girl (Jun 28, 2008);rafah;Reuters;http://africa.reuters.com/country/EG/news/usnL28733537.html;Del grande;1223;2;;;Egypt;34.240191;31.280267;;
409;30/06/2008 02:00;2008;Found a body in an advanced state of decomposition off Zonqor Point to the south of the island (Jun 30, 2008);Zonqor Point;Ansa;http://www.ansa.it/;Del grande;1225;1;;;Malta;14.566763;35.869682;Central Mediteranean route;
408;04/07/2008 02:00;2008;Found an Iraqi who died in the hold of the ferry greek Icarus parked at the port of Venice. It is the third victim in two weeks in the port (Jul 4, 2008);venice;Reuters;http://it.reuters.com/article/topNews/idITROS43813420080704;Del grande;1226;1;;;Italy;12.315515;45.440847;;
407;06/07/2008 02:00;2008;15 Somalis dead dehydrated in the Libyan desert on the border with Sudan, were stuck for ten days after an engine failure the machine (Jul 6, 2008);libyan;Tripoli Post;http://www.tripolipost.com/articledetail.asp?c=1&i=2080&archive=1;Del grande;1227;15;;;Libya;17.228331;26.3351;;
405;09/07/2008 02:00;2008;Advised by the Dawn Treader Telefnica Negra, the Civil Guard rescues a boat adrift from 5 days, 27 miles south of Punta Sabinal, west of Almeria. Survivors speak of 14 dead including 9 children, whose bodies were abandoned at sea. Another woman died before arrival at the port. Four people are hospitalized in critical condition (Jul 9, 2008);punta;El Pais;http://www.elpais.com/articulo/espana/Desaparecen/papeles/volcar/patera/90/kilometros/Granada/elpepiesp/20080708elpepinac_6/Tes;Del grande;1229;23;;;Spain;-16.324539;28.569022;Western African route;
404;10/07/2008 02:00;2008;Boat capsizes off the coast of Malta, three women die, one of them pregnant (Jul 10, 2008);malta;Times of Malta;http://www.timesofmalta.com/articles/view/20080711/local/three-dead-three-babies-among-180-immigrants;Del grande;1230;3;;;Malta;14.375416;35.937496;Central Mediteranean route;
403;11/07/2008 02:00;2008;Rescued boat adrift off the coast of La Gomera, in the Canary Islands. On board found the bodies of four people (Jul 11, 2008);gomera;El Pais;http://www.elpais.com/articulo/espana/inmigrantes/muertos/cayuco/llegado/costas/canarias/elpepuesp/20080711elpepunac_11/Tes;Del grande;1231;4;;;Spain;-17.219358;28.103304;Western African route;
402;12/07/2008 02:00;2008;Oweid Ahmed Salim, an Egyptian, who was killed by the gunfire of the border police as he helped a group of 30 migrants to enter illegally into Israel from Sinai (Jul 12, 2008);Sinai, Egypt;Reuters;http://africa.reuters.com/country/ER/news/usnL12457914.html;Del grande;1232;1;;;Egypt;32.899829;24.088938;;
401;13/07/2008 02:00;2008;Deaths rescued two survivors of the dugout on July 11, in the Canary Islands. They were hospitalized in critical condition. According to the statements of the passengers, the bodies of 11 other people were marooned in the sea for several days spent adrift without food or water (Jul 13, 2008);canary;Gara;http://www.gara.net/paperezkoa/20080713/86649/es/Fallecen-otros-dos-inmigrantes-que-llegaron-La-Gomera;Del grande;1233;11;;;Spain;-16.62913;28.291564;Western African route;
400;14/07/2008 02:00;2008;Ahmed Hamad Al-Nassar and Abdul Mohammed Monsef, two boys in the region of Minufiyah, were lost at sea for the past five years, on the route between Libya and Italy (Jul 14, 2008);minufiyah;Al-Karama;http://docs.google.com/viewer?url=http://fortresseurope.googlegroups.com/web/RAPPORTO+EGITTO.doc?hl=it&gda=O--8QEUAAAA6xOJURI9ZxmuVTIzrKY9J_Zx6o1h2tKyLtBcVaK1ONLQTHst6Yf70JwK7A7mmMStbNl8wi2yIucJk5oIH-yH0Gu1iLHeqhw4ZZRj3RjJ_-A&gsc=a0gpAwsAAAD3Bhi2pdY5Nle2vhiJN4Vh;Del grande;1234;2;;;Libya;30.987632;30.597246;;
395;20/07/2008 02:00;2008;Egyptian police kill Sudanese migrant at the border with Israel. Already 17 victims from the start of 2008 (Jul 20, 2008);Sinai, Egypt;Reuters;http://www.alertnet.org/thenews/newsdesk/L20601975.htm;Del grande;1239;1;;;Egypt;32.899829;24.088938;;
391;23/07/2008 02:00;2008;Found on the coast of Algarrobo, near Malaga, the remains of a four year old boy, drowned en route to the Andalusian coast (Jul 23, 2008);malaga;El Pais;http://www.elpais.com/articulo/andalucia/Hallado/cadaver/inmigrante/anos/elpepiespand/20080723elpand_4/Tes;Del grande;1243;1;;;Spain;-4.421266;36.721261;Western Mediteranean route;
387;29/07/2008 02:00;2008;According to the story of the survivors, 38 men would be scattered between Algeria and Sardinia, after the two boats on which they were traveling capsized in stormy sea (Jul 29, 2008);sardinia;Fortress Europe;http://fortresseurope.blogspot.com/2006/01/sardegna-38-dispersi-al-largo-delle.html;Del grande;1247;38;;;Algeria;9.012893;40.120875;Central Mediteranean route;
385;31/07/2008 02:00;2008;Boat rescued 79 miles south of Malta from ships and Vittorin Northumberland. Recovered the bodies of two women, one was pregnant (Jul 31, 2008);malta;Times of Malta;http://www.timesofmalta.com/articles/view/20080731/local/pregnant-migrant-dies-during-rescue/;Del grande;1249;2;;;Malta;14.375416;35.937496;Central Mediteranean route;
384;02/08/2008 02:00;2008;Landing in Cuevas del Almanzora, Almeria. A lost at sea (Aug 2, 2008);almeria;El Pais;http://www.elpais.com/articulo/andalucia/68/detenidos/desaparecido/costas/Andalucia/Ceuta/elpepiespand/20080802elpand_2/Tes/;Del grande;1250;1;;;Spain;-2.463714;36.834047;Western Mediteranean route;
383;02/08/2008 02:00;2008;Found the lifeless body of an immigrant in the waters of Calahonda, Granada (Aug 2, 2008);granada;Ideal;http://www.ideal.es/granada/20080802/local/costa/encuentran-parte-cadaver-nino-200808021754.html;Del grande;1251;1;;;Spain;-3.598557;37.177336;Western Mediteranean route;
382;04/08/2008 02:00;2008;Found the remains of a migrant in the waters of Rincon en las Palmas, Gran Canaria (Aug 4, 2008);canaria;Europa Press;http://www.europapress.es/islas-canarias/noticia-encuentran-medio-cuerpo-humano-flotando-aguas-rincon-palmas-gran-canaria-20080804180326.html;Del grande;1252;1;;;Spain;-16.62913;28.291564;Western African route;
381;04/08/2008 02:00;2008;75 Somalis scattered off the coast of Libya, after the sinking of the two boats they were traveling to Italy (Aug 4, 2008);mali;Mareeg;http://www.mareeg.com/fidsan.php?sid=7187&tirsan=3&PHPSESSID=78933fdfcad58a4f5310dc644b80701a;Del grande;1253;75;;;Libya;-3.996166;17.570692;;
380;05/08/2008 02:00;2008;Found the lifeless body of an immigrant in the Aguad, in Melilla (Aug 5, 2008);melilla;Diario Sur;http://www.diariosur.es/20080805/melilla/salvamento-maritimo-halla-zona-20080805.html;Del grande;1254;1;;;Spain;-2.938097;35.292278;Western Mediteranean route;
379;12/08/2008 02:00;2008;According to the story of 28 Somalis landed in Ognina, near Syracuse, in the crossing would be dead a man and a woman. Their bodies were thrown into the sea (Aug 12, 2008);mali;Ansa;http://www.stranieriinitalia.it/ansa-immigrazione_altri_sbarchi_e_racconti_di_morti_in_mare_5334.html;Del grande;1255;2;;;Italy;-3.996166;17.570692;;
377;19/08/2008 02:00;2008;Sudanese killed 27 years under the Egyptian police firing at the border with Israel. 20 dead so far this year (Aug 19, 2008);Sinai, Egypt;Reuters;http://africa.reuters.com/country/ER/news/usnLJ537335.html;Del grande;1257;1;;;Egypt;32.899829;24.088938;;
376;21/08/2008 02:00;2008;Thirty Afghan refugees killed and 83 injured in a road accident with a truck carrying 125 people in the southern province of Fars, in Khiareh (Aug 21, 2008);Fars, Iran;AFP;http://www.arabtimesonline.com/client/pagesdetails.asp?nid=21218&ccid=18;Del grande;1258;30;;;Iran;53.045893;29.104381;;
374;24/08/2008 02:00;2008;The Danish merchant Stadt Goslar rescued 77 shipwrecked off the coast of Malta. One of them claims that two days before 27 people have drowned after the overthrow of a boat off Libya (Aug 24, 2008);malta;Ansa;http://www.ansa.it/site/notizie/awnplus/mondo/news/2008-08-24_124234126.html;Del grande;1260;27;;;Malta;14.375416;35.937496;Central Mediteranean route;
371;28/08/2008 02:00;2008;Intercepted off the coast of Dakhla boat with 51 migrants on board. Among them, the bodies of six men died of starvation during the journey (Aug 28, 2008);dakhla;Le Monde;http://www.lemonde.fr/web/depeches/0;Del grande;1263;6;;;Morocco;-15.93698;23.69751;Western African route;
368;01/09/2008 02:00;2008;The sinking of a boat off the coast of Egypt game for Italy with 170 passengers on board. According to the story of one of the survivors of Minufiyah, the dead would have been 48 (Sep 1, 2008);minufiyah;Al-Karama;http://docs.google.com/viewer?url=http://fortresseurope.googlegroups.com/web/RAPPORTO+EGITTO.doc?hl=it&gda=O--8QEUAAAA6xOJURI9ZxmuVTIzrKY9J_Zx6o1h2tKyLtBcVaK1ONLQTHst6Yf70JwK7A7mmMStbNl8wi2yIucJk5oIH-yH0Gu1iLHeqhw4ZZRj3RjJ_-A&gsc=a0gpAwsAAAD3Bhi2pdY5Nle2vhiJN4Vh;Del grande;1266;48;;;Egypt;30.987632;30.597246;;
367;04/09/2008 02:00;2008;5 missing off the coast of Malta. The support 85 castaways rescued by the tanker Johan Shulte, 97 miles south of the island (Sep 4, 2008);malta;Times of Malta;http://www.timesofmalta.com/articles/view/20080903/local/85-migrants-rescued-off-dinghy/;Del grande;1267;5;;;Malta;14.375416;35.937496;Central Mediteranean route;
366;04/09/2008 02:00;2008;Rescue shipwrecked sailors adrift, five miles off the coast of Arguineguin, in the Canary Islands. On board the boat the bodies of 13 men died of starvation. Another body recovered at sea. They left 12 days ago from Mauritania (Sep 4, 2008);arguineguin;El Pais;http://www.elpais.com/articulo/espana/cayuco/inmigrantes/muertos/llega/Canarias/dias/deriva/elpepiesp/20080904elpepinac_1/Tes;Del grande;1268;13;;;Spain;-15.658889;27.793611;Western African route;
365;05/09/2008 02:00;2008;Spills at sea, off the coast of Alexandria, a boat bound for Italy, drowning 3 people (Sep 5, 2008);alexandria;Al-Massa'iya;http://docs.google.com/viewer?url=http://fortresseurope.googlegroups.com/web/RAPPORTO+EGITTO.doc?hl=it&gda=O--8QEUAAAA6xOJURI9ZxmuVTIzrKY9J_Zx6o1h2tKyLtBcVaK1ONLQTHst6Yf70JwK7A7mmMStbNl8wi2yIucJk5oIH-yH0Gu1iLHeqhw4ZZRj3RjJ_-A&gsc=a0gpAwsAAAD3Bhi2pdY5Nle2vhiJN4Vh;Del grande;1269;3;;;Egypt;29.918739;31.200092;;
364;05/09/2008 02:00;2008;Found a dead body on the beach in Saboun Oued, near Skikda, drowned on routes to Sardinia (Sep 5, 2008);saboun;Quotidien dOran;http://www.lequotidien-oran.com/index.php?news=5108865;Del grande;1270;1;;;Algeria;30.991133;30.78004;;
363;07/09/2008 02:00;2008;Found in the middle of the desert on the border between Western Sahara and Mauritania 16 migrants deported from Morocco. They are the survivors of a shipwreck which killed 33 people. Two people died in the desert. Other 21 were untraceable (Sep 7, 2008);sahara;El Pais;http://www.elpais.com/articulo/espana/Estan/perdidos/medio/desierto/zona/minada/elpepuesp/20080908elpepunac_13/Tes;Del grande;1271;23;;;Mauritania;11.291889;23.803497;;
362;08/09/2008 02:00;2008;He died at the hospital of Nuestra Seora de Guadalupe, on the Canary island of La Gomera, one of the 118 migrants landed two days ago (Sep 8, 2008);gomera;El Pais;http://www.elpais.com/articulo/espana/inmigrante/llego/sabado/Gomera/fallece/hospital/elpepiesp/20080908elpepinac_8/Tes;Del grande;1272;1;;;Spain;-17.219358;28.103304;Western African route;
361;09/09/2008 02:00;2008;Egyptian police opened fire on a group of migrants along the Israeli border. Two deaths. At least 22 victims from the start of 2008 (Sep 9, 2008);Sinai, Egypt;Reuters;http://africa.reuters.com/country/ER/news/usnL9360462.html;Del grande;1273;2;;;Egypt;32.899829;24.088938;;
360;09/09/2008 02:00;2008;He died during transport by helicopter to the hospital Mater Dei in Valletta rescued a woman on a boat 60 miles south of Malta (Sep 9, 2008);valletta;Times of Malta;http://www.timesofmalta.com/articles/view/20080909/local/infants-in-critical-condition-after-migrants-boat-capsizes/;Del grande;1274;1;;;Malta;14.514106;35.89779;Central Mediteranean route;
359;10/09/2008 02:00;2008;Intercepted 7 miles from Falmouth Harbor with a boat of 12 meters on board the skeletons of 8 African migrants ended up drifting on the route to the Canary Islands. Unspecified number of the missing. On board a Malian passport (Sep 10, 2008);canary;Associated Press;http://news.aol.com/story/_a/antigua-police-find-8-bodies-on-drifting/n20080910215609990001;Del grande;1275;8;;;Antigua;-16.62913;28.291564;Western African route;
358;12/09/2008 02:00;2008;An Afghan boy aged 16 was found dead in a truck on the ship Ionian Quuen came this morning from the airport in Brindisi to Igoumenitsa greek (Sep 12, 2008);brindisi;Ansa;http://www.ansa.it/site/notizie/awnplus/italia/news/2008-09-12_112272053.html;Del grande;1276;1;;;Italy;17.941762;40.632728;Apulia & Calbria;
357;12/09/2008 02:00;2008;Landing in Portobalo, Syracuse, after 10 days spent adrift. The migrants said: death and thrown into the sea 13 people (Sep 12, 2008);portobalo;Rai News 24;http://www.rainews24.it/notizia.asp?newsid=85800;Del grande;1277;13;;;Italy;9.024635;41.125526;;
356;19/09/2008 02:00;2008;Truckload of immigrants jumping on a mine, 40 km north of Madama, on the border with Libya. The explosion ago 4 deaths (Sep 19, 2008);madama;Irin;http://www.irinnews.org/report.aspx?ReportId=80835;Del grande;1278;4;;;Niger;35.233453;32.183929;;
355;22/09/2008 02:00;2008;The 80 passengers of a vessel in Italian direct Egyptian launch a phone alarm, the ship is dispersed in the Mediterranean (Sep 22, 2008);egypt;Nahda Masr;http://docs.google.com/viewer?url=http://fortresseurope.googlegroups.com/web/RAPPORTO+EGITTO.doc?hl=it&gda=O--8QEUAAAA6xOJURI9ZxmuVTIzrKY9J_Zx6o1h2tKyLtBcVaK1ONLQTHst6Yf70JwK7A7mmMStbNl8wi2yIucJk5oIH-yH0Gu1iLHeqhw4ZZRj3RjJ_-A&gsc=a0gpAwsAAAD3Bhi2pdY5Nle2vhiJN4Vh;Del grande;1279;80;;;Egypt;30.802498;26.820553;;
354;23/09/2008 02:00;2008;Scattered off the coast of Egypt a direct boat of 83 migrants live in Greece. She left three days ago from Damietta (Sep 23, 2008);egypt;Reuters;http://www.worldbulletin.net/news_detail.php?id=28563;Del grande;1280;83;;;Egypt;30.802498;26.820553;;
353;24/09/2008 02:00;2008;Wreck 30 miles south of Malta. 35 victims. Six bodies recovered (Sep 24, 2008);malta;Repubblica;http://www.repubblica.it/2008/06/sezioni/cronaca/sbarchi-immigrati-1/immigrazione-malta-naufragio/immigrazione-malta-naufragio.html;Del grande;1281;35;;;Malta;14.375416;35.937496;Central Mediteranean route;
352;24/09/2008 02:00;2008;21 Eritrean and Somali refugees drown in the river Atbara trying to reach the capital Khartoum (Sep 24, 2008);mali;Reuters;http://africa.reuters.com/country/ER/news/usnLO251986.html;Del grande;1282;21;;;Sudan;-3.996166;17.570692;;
351;26/09/2008 02:00;2008;4 migrants killed by landmines in a minefield along the border with Turkey, Kastanjes, in the region of Evros (Sep 26, 2008);evros;Kathimerini;http://www.ekathimerini.com/4dcgi/_w_articles_politics_2_27/09/2008_100834;Del grande;1283;4;;;Greece;26.135943;41.244376;Eastern Mediteranean route Land;
350;29/09/2008 02:00;2008;It sinks off the coast of Latakia a boat load of migrants probably headed to Cyprus. 5 bodies recovered, at least 23 missing (Sep 29, 2008);latakia;Kuna;http://www.kuna.net.kw/NewsAgenciesPublicSite/ArticleDetails.aspx?id=1941134&Language=en;Del grande;1284;28;;;Syria;35.7924;35.52145;;
349;05/10/2008 02:00;2008;Melilla found the body of a migrant who traveled hidden in the false bottom of a car, go to the Moroccan border (Oct 5, 2008);melilla;La Verdad;http://www.laverdad.es/murcia/20081005/espana/hallan-cadaver-salpicadero-20081005.html;Del grande;1285;1;;;Spain;-2.938097;35.292278;Western Mediteranean route;
348;05/10/2008 02:00;2008;Two dead bodies on the coast of Malaga. The first was spotted in the sea during a regatta in the waters of Estepona. The second was found not far away, on the beaches of Marina de Casares (Oct 5, 2008);estepona;Diario Sur;http://www.diariosur.es/20081005/malaga/hallan-cadaveres-hombres-deriva-20081005.html;Del grande;1286;2;;;Spain;-5.149141;36.42985;Western Mediteranean route;
347;06/10/2008 02:00;2008;It falls under the truck which was traveling from Morocco hidden hit by a car and dies, at km 64 of the A-381 Jerez-Los Barrios (Oct 6, 2008);barrios;El Pais;http://www.elpais.com/articulo/andalucia/Muere/inmigrante/atropellado/A-381/elpepiespand/20081006elpand_5/Tes;Del grande;1287;1;;;Spain;-8.185424;43.351149;;
346;06/10/2008 02:00;2008;Truck load of migrants capsizes in a car accident in Malkara, near the greek border: 18 dead and 23 wounded (Oct 6, 2008);Malkara, turkey;Turkish Daily News;http://www.turkishdailynews.com.tr/article.php?enewsid=116777;Del grande;1288;18;;;Turkey;26.90943;40.895168;;
345;07/10/2008 02:00;2008;18 corpses found along 25 miles of coastline between Alexandroupolis (Greece) and Saros Bay (Turkey), victims of a single shipwreck (Oct 7, 2008);alexandroupolis;Usa Today;http://www.usatoday.com/news/world/2008-10-07-greece-bodies_N.htm;Del grande;1289;18;;;Greece;25.873962;40.845719;;
344;09/10/2008 02:00;2008;It sinks into the waters of Kenitra boat with 50 migrants on board, direct to Spain. Found a corpse and only one survivor, on the beach of Sidi Boughaba. Missing the other 48 passengers (Oct 9, 2008);kenitra;El Pais;http://www.elpais.com/articulo/espana/papeles/naufragan/nada/partir/Espana/elpepiesp/20081009elpepinac_15/Tes;Del grande;1290;49;;;Morocco;-6.578296;34.264061;Western Mediteranean route;
343;14/10/2008 02:00;2008;Egyptian police fired on a group of migrants along the border with Israel. A dead. Already 24 victims from the start of 2008 (Oct 14, 2008);Sinai, Egypt;Reuters;http://africa.reuters.com/country/ER/news/usnLE64900.html;Del grande;1291;1;;;Egypt;32.899829;24.088938;;
342;15/10/2008 02:00;2008;A man drowned in a canal in Saint-Omer (Pas-de-Calais) trying to hide in a truck ready to embark for England. Dead also a French national who had dived into the water to save (Oct 15, 2008);calais;20 Minutes;http://quotidiensanspapiers.free.fr/w/spip.php?article1593;Del grande;1292;1;;;France;1.858686;50.95129;;
341;16/10/2008 02:00;2008;He died at the hospital in Candelaria one of the immigrants who landed yesterday on the Canary Island of Tenerife (Oct 16, 2008);tenerife;Abc;http://www.abc.es/20081017/canarias-canarias/fallece-hospital-inmigrantes-llegaron-20081017.html;Del grande;1293;1;;;Spain;-16.62913;28.291564;Western African route;
340;18/10/2008 02:00;2008;One dead and 5 injured aboard a boat intercepted eight miles south of the island of Gran Canaria (Oct 18, 2008);canaria;Abc;http://www.abc.es/hemeroteca/historico-19-10-2008/abc/Canarias/un-muerto-y-cinco-heridos-en-un-cayuco-que-llega-al-sur-de-gran-canaria_91681837446.html;Del grande;1294;1;;;Spain;-16.62913;28.291564;Western African route;
339;19/10/2008 02:00;2008;Migrant boat sinks in a lagoon in the south of the country, near the border village of Xarre. Found 4 dead bodies, including a woman with her daughter three months. A 17 year old boy is reported missing (Oct 19, 2008);Xarre;Ansa;http://www.iht.com/articles/ap/2008/10/19/europe/EU-Albania-Boat-Sinks.php;Del grande;1295;5;;;Albania;20.059855;39.727177;;
338;22/10/2008 02:00;2008;Egyptian police killed a Sudanese refugee shots of gunfire along the Israeli border in Sinai (Oct 22, 2008);Sinai, Egypt;Reuters;http://www.alertnet.org/thenews/newsdesk/LM722297.htm;Del grande;1296;1;;;Egypt;32.899829;24.088938;;
337;24/10/2008 02:00;2008;Found the body of seventeen missing last Sunday in the lagoon at the border with Greece, near Xarre (Oct 24, 2008);xarre;Reuters;http://www.javno.com/en/world/clanak.php?id=195953;Del grande;1297;1;;;Albania;20.059855;39.727177;;
336;27/10/2008 01:00;2008;Disappears in the Mediterranean a boat loaded with 200 migrants from Egypt and live in Italy. The last signal was received a request for help by telephone by the Egyptian authorities a certain Ahmed, who reported the sinking boat off Rashid (Oct 27, 2008);egypt;Al-Masry Al-Yawm;http://docs.google.com/viewer?url=http://fortresseurope.googlegroups.com/web/RAPPORTO+EGITTO.doc?hl=it&gda=O--8QEUAAAA6xOJURI9ZxmuVTIzrKY9J_Zx6o1h2tKyLtBcVaK1ONLQTHst6Yf70JwK7A7mmMStbNl8wi2yIucJk5oIH-yH0Gu1iLHeqhw4ZZRj3RjJ_-A&gsc=a0gpAwsAAAD3Bhi2pdY5Nle2vhiJN4Vh;Del grande;1298;200;;;Egypt;30.802498;26.820553;;
334;29/10/2008 01:00;2008;Landing in the Canary Islands, La Gomera. Two deaths on board, one of which minors. A third man died after being admitted to hospital (Oct 29, 2008);gomera;El Pais;http://www.elpais.com/articulo/espana/subsaharianos/muertos/cayuco/Gomera/elpepiesp/20081030elpepinac_18/Tes;Del grande;1300;3;;;Spain;-17.219358;28.103304;Western African route;
331;09/11/2008 01:00;2008;Rises to 5 the number of bodies found south of the island in the last two weeks, victims of a shipwreck that you do not have any news (Nov 9, 2008);Malta;Times of Malta;http://www.timesofmalta.com/articles/view/20081109/local/corpses-recovered-at-sea-remain-unidentified;Del grande;1303;5;;;Malta;14.375416;35.937496;Central Mediteranean route;
329;11/11/2008 01:00;2008;He died at the university hospital a migrant landed on the Canary Island of Tenerife last week (Nov 11, 2008);tenerife;El Dia;http://www.eldia.es/2008-11-12/canarias/canarias4.htm;Del grande;1305;1;;;Spain;-16.62913;28.291564;Western African route;
326;20/11/2008 01:00;2008;Found the remains of 6 migrants in the Algerian desert to the border with Mali, in Tanezrouft, including Regane and Bordj Badji Mokhtar. In September, more victims were found in the same region (Nov 20, 2008);algeria;Algerie Monde;http://www.algerie-monde.com/actualite/article4796.html;Del grande;1308;6;;;Algeria;1.659626;28.033886;;
324;28/11/2008 01:00;2008;Two immigrants found dead abandoned along a coastal road in southern Greece (Nov 28, 2008);Greece;Associated Press;http://www.iht.com/articles/ap/2008/11/28/europe/EU-Greece-Migrant-Smugglers.php;Del grande;1310;2;;;Greece;21.824312;39.074208;;
323;28/11/2008 01:00;2008;Rescued two ships with 650 migrants on board, in a stormy sea off Lampedusa. Passengers speak of 4 missing at sea (Nov 28, 2008);lampedusa;Repubblica;http://www.repubblica.it/2008/11/sezioni/cronaca/clandestini/clandestini/clandestini.html;Del grande;1311;4;;;Italy;12.59292;35.508622;Central Mediteranean route;
322;06/12/2008 01:00;2008;Sinking a boat load of migrants off the island of Samos. Drowned a 4 year old girl (Dec 6, 2008);samos;Earth Times;http://www.earthtimes.org/articles/show/244958;Del grande;1312;1;;;Greece;26.820351;37.743215;Eastern Mediteranean route Sea;
321;07/12/2008 01:00;2008;Intercepted a boat in the south of Gran Canaria. A corpse on board (Dec 7, 2008);canaria;Kathimerini;http://www.publico.es/agencias/efe/181151/llegan/gran/canaria/inmigrantes/rescatados/cayuco;Del grande;1313;1;;;Spain;-16.62913;28.291564;Western African route;
320;08/12/2008 01:00;2008;Shipwreck off the coast of Ayvalik, 4 drowned, including a woman (Dec 8, 2008);ayvalik;Kathimerini;http://www.ekathimerini.com/4dcgi/_w_articles_world_2_08/12/2008_102832;Del grande;1314;5;;;Turkey;26.71281;39.33589;Eastern Mediteranean route Sea;
319;10/12/2008 01:00;2008;A 13 year old Afghan boy dies crushed under the truck which had hung to enter Italy. The truck had just landed at the port of Venice from a ship departed from Greece (Dec 10, 2008);venice;Corriere;http://www.corriere.it/cronache/08_dicembre_12/kabul_mestre_appeso_tir_ragazzino_serra_988b6a60-c819-11dd-a869-00144f02aabc.shtml;Del grande;1315;1;;;Italy;12.315515;45.440847;;
315;08/01/2009 01:00;2009;Landing the island of Alboran, in Andalusia, a dead man among the passengers (Jan 8, 2009);Alboran, spain;El Mundo;http://www.elmundo.es/elmundo/2009/06/29/espana/1246265936.html;Del grande;1319;1;;;Spain;-3.035088;35.950486;Western Mediteranean route;
314;10/01/2009 01:00;2009;Spills at sea off the coast of Dakar, a dugout full of migrants. 4 drown women (Jan 10, 2009);dakar;Iht;http://www.iht.com/articles/ap/2009/01/10/africa/AF-Senegal-Migrants.php;Del grande;1320;4;;;Senegal;-17.366029;14.764504;Western African route;
310;21/01/2009 01:00;2009;Landed on Lampedusa, on the beach of Cala Pisa 53 migrants. A dead aboard boat (Jan 21, 2009);lampedusa;Adnkronos;http://www.itnews.it/news/2009/0121102401412/immigrati-sbarcati-53-clandestini-a-terra-a-lampedusa-uno-e-morto.html;Del grande;1324;1;;;Italy;12.59292;35.508622;Central Mediteranean route;
309;25/01/2009 01:00;2009;Departing from Arzew to Spain, on the night of January 3, 12 Algerian boys between 20 and 30 years are reported missing at sea (Jan 25, 2009);arzew;Quotidien dOran;http://www.lequotidien-oran.com/index.php?news=5114512;Del grande;1325;12;;;Algeria;-0.316667;35.85;Western Mediteranean route;
304;21/02/2009 01:00;2009;A dead aboard a boat of 35 passengers intercepted 18 miles off the coast of Motril, Granada (Feb 21, 2009);granada;La Razn;http://www.larazon.es/noticia/un-muerto-entre-35-subsaharianos-llegados-en-patera;Del grande;1330;1;;;Spain;-3.598557;37.177336;Western Mediteranean route;
302;25/02/2009 01:00;2009;He died an infant daughter of a Kurdish family in the slums along the A16, at Dunkirk, on the route to Dover, England (Feb 25, 2009);dunkirk;Nord Littoral;http://www.millebabords.org/spip.php?article10500;Del grande;1332;1;;;France;2.375202;51.03456;;
301;07/03/2009 01:00;2009;Young migrant stays attached to the network in mid-air with barbed wire border of Ceuta and bleeds to death (Mar 7, 2009);ceuta;Abc;http://www.abc.es/20090307/nacional-sucesos/muere-desangrado-subsahariano-quedar-20090307.html;Del grande;1333;1;;;Spain;-5.324636;35.888384;Western Mediteranean route;
298;22/03/2009 01:00;2009;Fall into the sea during a rescue operation in Cabo de Gata, Almeria. Two missing (Mar 22, 2009);gata;Publico;http://www.publico.es/211773/buscan/ocupantes/patera/desaparecidos/caer/mar/rescate;Del grande;1336;2;;;Spain;0.08519;38.77474;Western Mediteranean route;
297;26/03/2009 01:00;2009;14 Nigerians die in the Algerian desert during the crossing of the Sahara. The news has spread by the Ambassador of Nigeria to Algiers (Mar 26, 2009);algiers;Nigerian Tribune;http://www.tribune.com.ng/26032009/news/news7.html;Del grande;1337;14;;;Algeria;3.042048;36.752887;Western Mediteranean route;
293;29/03/2009 01:00;2009;Iraqi hiding under a truck embarked on a greek ferry from Patras, dies crushed between the axles of the articulated (Mar 29, 2009);patras;Ansa;http://www.corriereadriatico.it/articolo.aspx?varget=C6D7C83123BAF5598766164BAC3D7082;Del grande;1341;1;;;Italy;21.734574;38.24664;;
292;03/04/2009 02:00;2009;Boat with 76 passengers intercepted 60 miles south of Lampedusa, on board 2 corpses (Apr 3, 2009);lampedusa;Apcom;http://www.apcom.net/newscronaca/20090403_140600_4d41667_59520.shtml;Del grande;1342;2;;;Italy;12.59292;35.508622;Central Mediteranean route;
291;05/04/2009 02:00;2009;Found a corpse in the Channel Tunnel. The man died falling off the wagon of the train in which he was hiding to reach England (Apr 5, 2009);england;Le Monde;http://www.lemonde.fr/web/depeches/0;Del grande;1343;1;;;France;-1.17432;52.355518;;
290;08/04/2009 02:00;2009;Relief from the fishing vessel Cesare Rustico Mazara, a boat full of migrants capsizes at sea. 3 missing, including a woman (Apr 8, 2009);mazara;Ansa;http://www.lasiciliaweb.it/index.php?id=19875&template=lasiciliaweb;Del grande;1344;3;;;Italy;58.825119;23.14632;;
;08/04/2009 05:00;2009;Afghan dies in fight in Parisian squat. Moved to Paris after the shut down of Sangatte (Apr 7, 2009);paris;Le Monde;http://abonnes.lemonde.fr/les-articles-du-monde/090407.html;;;1;;;France;2.352222;48.856614;;Murder
287;23/04/2009 02:00;2009;Fished by the Spanish coastguard two dead bodies from the waters of the Strait of Gibraltar (Apr 23, 2009);gibraltar;Diario de Navarra;http://www.diariodenavarra.es/20090424/nacional/encontrados-estrecho-cuerpos-dos-inmigrantes.html?not=2009042402575945&idnot=2009042402575945&dia=20090424&seccion=nacional&seccion2=sucesos&chnl=30;Del grande;1347;2;;;Spain;-5.353585;36.140751;Western Mediteranean route;
285;02/05/2009 02:00;2009;He died at the hospital in Caltanissetta, suffering from meningitis, one of the castaways rescued two weeks ago by the merchant turkish Pinar (May 2, 2009);Caltanissetta;Ansa;http://www.rainews24.it/Notizia.asp?NewsId=116976;Del grande;1349;1;;;Italy;14.062893;37.490112;Central Mediteranean route;
284;22/05/2009 02:00;2009;Found the lifeless body of an immigrant drowned off the island of Man, on the southeastern coast of Sardinia (May 22, 2009);sardinia;Ansa;http://www.ansa.it/;Del grande;1350;1;;;Italy;9.012893;40.120875;Central Mediteranean route;
283;02/06/2009 02:00;2009;The Egyptian border police opened fire on a group of migrants along the Sinai border with Israel. One dead and one seriously injured (Jun 2, 2009);Sinai, Egypt;Reuters;http://af.reuters.com/article/eritreaNews/idAFL2100269020090602;Del grande;1351;1;;;Egypt;32.899829;24.088938;;
282;03/06/2009 02:00;2009;Sighted by a merchant ship off the coast of Cabo de Gata, Andalucia, the corpse of a man abandoned by days at sea (Jun 3, 2009);gata;La Verdad de Murcia;http://www.laverdad.es/murcia/20090604/espana/encuentran-cadaver-subsahariano-aguas-20090604.html;Del grande;1352;1;;;Spain;0.08519;38.77474;Western Mediteranean route;
281;04/06/2009 02:00;2009;18 km boat capsizes off the coast of Tarifa (Cdiz). Rescued 22 passengers. At least 18 missing in sea (Jun 4, 2009);tarifa;El Pais;http://www.elpais.com/articulo/espana/Desaparecidos/ocupantes/patera/cerca/Tarifa/elpepuesp/20090604elpepunac_1/Tes;Del grande;1353;18;;;Spain;-5.600819;36.018776;Western Mediteranean route;
280;17/06/2009 02:00;2009;Norwegian tanker rescued a small boat with 10 passengers off the coast of Murcia. One dead and one missing (Jun 17, 2009);murcia;Ansa;http://www.unita.it/newsansa/37689/spagna_un_immigrato_morto_dopo_soccorsi;Del grande;1354;2;;;Spain;-1.130458;37.992331;Western Mediteranean route;
278;24/06/2009 02:00;2009;Egyptian police shooting at a group of migrants at the border with Israel in the wilderness of Sinai. He died in his twenties. It is the third victim of 2009 (Jun 24, 2009);Sinai, Egypt;Reuters;http://af.reuters.com/article/eritreaNews/idAFLO9248220090624;Del grande;1356;1;;;Egypt;32.899829;24.088938;;
277;28/06/2009 02:00;2009;Egyptian police opened fire on a group of migrants at the border with Israel. A murdered. Wounded in the back a 15 year old boy (Jun 28, 2009);Sinai, Egypt;Reuters;http://af.reuters.com/article/eritreaNews/idAFLS33140420090628;Del grande;1357;1;;;Egypt;32.899829;24.088938;;
275;03/07/2009 02:00;2009;Egyptian police opened fire on a group of migrants at the border with Israel. Killed two Somalis (Jul 3, 2009);Sinai, Egypt;Reuters;http://fortresseurope.blogspot.com/2009/08/egypt-police-kill-two-somalis-at-israel.html;Del grande;1359;2;;;Egypt;32.899829;24.088938;;
274;15/07/2009 02:00;2009;Landing Canarian island of El Hierro. A dead man on board, a second man dies of dehydration after hospitalization (Jul 15, 2009);hierro;Diario de Navarra;http://www.diariodenavarra.es/20090714/nacional/mueren-dos-inmigrantes-llegaron-cayuco-hierro.html?not=2009071401405957&idnot=2009071401405957&dia=20090714&seccion=nacional&seccion2=sucesos&chnl=30%E2%80%9D%3E15/07/09%3C/a%3E%3C/td%3E%3Ctd%3E%3Cp;Del grande;1360;1;;;Spain;-18.024301;27.725499;Western African route;
272;17/07/2009 02:00;2009;Found a dead body in the waters of Cadiz, in front of the beach of Barbate. It would be the tenth victim of the sinking of the past June 29 (Jul 17, 2009);barbate;Sur;http://www.diariosur.es/20090717/andalucia/aparece-cadaver-mujer-seria-20090717.html;Del grande;1362;1;;;Spain;-5.92248;36.19002;Western Mediteranean route;
271;22/07/2009 02:00;2009;Found on the beach of La Fontanilla Marbella a corpse in an advanced state of decomposition (Jul 22, 2009);marbella;Sur;http://www.diariosur.es/20090722/marbella/aparece-playa-cadaver-decapitado-20090722.html;Del grande;1363;1;;;Spain;-4.882447;36.510071;Western Mediteranean route;
270;23/07/2009 02:00;2009;Traffic accident with a truck load of emigrants to Kulp, in the province of Diyarbakr. Three people die, 18 injured (Jul 23, 2009);Diyarbakr;France Presse;http://www.hurriyetdailynews.com/n.php?n=three-immigrants-killed-in-road-accident-2009-07-23;Del grande;1364;3;;;Turkey;40.230629;37.91441;;
269;24/07/2009 02:00;2009;Missing a man fell into the sea during a rescue operation off the coast of Manilva, Malaga (Jul 24, 2009);malaga;Sur;http://www.diariosur.es/20090724/malaga/buscan-naufrago-patera-20090724.html;Del grande;1365;1;;;Spain;-4.421266;36.721261;Western Mediteranean route;
267;27/07/2009 02:00;2009;Beaten by the police in the Greek port of Igoumenitsa, while trying to get on a truck ready to embark for Italy, a young Kurdish died at the hospital in Thessaloniki after four months in a coma (Jul 27, 2009);igoumenitsa;Reuters;http://fortresseurope.blogspot.com/2006/01/pestato-sangue-dalla-polizia-greca-come.html;Del grande;1367;1;;;Greece;20.265534;39.50615;;
266;31/07/2009 02:00;2009;Egyptian police opened fire on a group of migrants at the border with Israel. A dead. It is the seventh victim since last May (Jul 31, 2009);Sinai, Egypt;Reuters;http://fortresseurope.blogspot.com/2009/08/egypt-police-kill-african-migrant-at.html;Del grande;1368;1;;;Egypt;32.899829;24.088938;;
264;07/08/2009 02:00;2009;A dead near the port of Igoumenitsa. It was hidden in a truck, thinking that he was going to Italy, but when he realized he was heading to Athens threw himself losing his life in the fall (Aug 7, 2009);igoumenitsa;Kathimerini;http://fortresseurope.blogspot.com/2009/08/body-found-at-igoumenitsa-port.html;Del grande;1370;1;;;Greece;20.265534;39.50615;;
263;09/08/2009 02:00;2009;The Libyan police suppressed a riot erupted during an escape attempt in Ganfuda detention camp in Benghazi. At least six Somali refugees are stabbed to death. Other sources claim that the dead are 20 (Aug 9, 2009);benghazi;Fortress Europe;http://fortresseurope.blogspot.com/2009/08/benghazi-spunta-un-testimone-ecco-come.html;Del grande;1371;20;;;Libya;20.066667;32.116667;;
262;10/08/2009 02:00;2009;Landing at Pantelleria. From the boat adrift, three miles from the island, four of the nine Tunisians on board trying to go swimming. A dispersed (Aug 10, 2009);pantelleria;Ansa;http://fortresseurope.blogspot.com/2009/08/sbarco-pantelleria-uno-grave-e-un.html;Del grande;1372;1;;;Italy;11.940496;36.828221;Central Mediteranean route;
261;11/08/2009 02:00;2009;Found a dead body in the sea, the waters of Cartagena, between Cabo del Agua and the island of Escombreras (Aug 11, 2009);Cartagena;La Verdad;http://fortresseurope.blogspot.com/2009/08/hallan-el-cadaver-de-un-hombre-flotando.html;Del grande;1373;1;;;Spain;-0.996584;37.625683;Western Mediteranean route;
260;13/08/2009 02:00;2009;Recovered two dead bodies in the waters of the island of Kos, victims of a shipwreck. Another three people are reported missing (Aug 13, 2009);kos;Kathimerini;http://fortresseurope.blogspot.com/2009/08/greece-two-drown-in-migrant-boat.html;Del grande;1374;5;;;Greece;27.102943;36.799851;Eastern Mediteranean route Sea;
258;20/08/2009 02:00;2009;A man hanging under the chassis of a truck just landed at the port of Brindisi loses his grip and falls, dying instantly (Aug 20, 2009);brindisi;Ansa;http://fortresseurope.blogspot.com/2009/08/immigrato-cade-da-camion-e-muore.html;Del grande;1376;1;;;Italy;17.941762;40.632728;Apulia & Calbria;
257;22/08/2009 02:00;2009;Spotted by a boater a corpse in the waters of Linosa, 24 miles north of Lampedusa (Aug 22, 2009);lampedusa;Repubblica;http://fortresseurope.blogspot.com/2009/08/trovato-un-cadavere-largo-di-linosa.html;Del grande;1377;1;;;Italy;12.59292;35.508622;Central Mediteranean route;
256;27/08/2009 02:00;2009;Rescued boat adrift with 79 passengers on board off the coast of Malta. Water found in the body of a man with no life (Aug 27, 2009);malta;Ansa;http://fortresseurope.blogspot.com/2009/08/sbarcati-134-emigrati-malta-e-siracusa.html;Del grande;1378;1;;;Malta;14.375416;35.937496;Central Mediteranean route;
253;01/09/2009 02:00;2009;Egyptian police shooting at a group of migrants along the Sinai border with Israel. A man killed. Seriously injured an Eritrean girl 18 years (Sep 1, 2009);Sinai, Egypt;Reuters;http://fortresseurope.blogspot.com/2009/09/egypt-police-kill-african-at-border.html;Del grande;1381;1;;;Egypt;32.899829;24.088938;;
252;09/09/2009 02:00;2009;Four migrants killed in the shooting of Egyptian police along the border with Israel in Sinai. Already the 12 people killed since May 2009 (Sep 9, 2009);Sinai, Egypt;Reuters;http://fortresseurope.blogspot.com/2009/09/egypt-police-kill-4-migrants-at-israeli.html;Del grande;1382;4;;;Egypt;32.899829;24.088938;;
251;16/09/2009 02:00;2009;Two Eritrean refugees killed in the shooting of Egyptian police along the border with Israel in Sinai (Sep 16, 2009);Sinai, Egypt;Reuters;http://fortresseurope.blogspot.com/2009/09/egyptian-police-kill-two-eritreans-at.html;Del grande;1383;2;;;Egypt;32.899829;24.088938;;
249;23/09/2009 02:00;2009;An exiled Eritrean killed in the shooting of Egyptian police along the border with Israel in Sinai (Sep 23, 2009);Sinai, Egypt;Reuters;http://fortresseurope.blogspot.com/2009/10/egypt-police-kill-eritrean-migrant-at.html;Del grande;1385;1;;;Egypt;32.899829;24.088938;;
248;07/10/2009 02:00;2009;Landing at Gela. 3 bodies recovered. Three others remain missing (Oct 7, 2009);gela;Ansa;http://fortresseurope.blogspot.com/2009/10/abbandonati-in-mare-sei-morti-gela.html;Del grande;1386;6;;;Italy;14.240354;37.074153;Central Mediteranean route;
247;26/10/2009 01:00;2009;Landed at Pozzallo 300 Eritreans and Somalis stuck for five days in a stormy sea. A dead man on board (Oct 26, 2009);pozzallo;Repubblica;http://fortresseurope.blogspot.com/2009/10/barcone-sbarca-nel-ragusano-un-morto.html;Del grande;1387;1;;;Italy;14.849113;36.729861;Central Mediteranean route;
246;27/10/2009 01:00;2009;Shipwreck in the waters of Lesvos. Drown 3 women and 5 Afghan children (Oct 27, 2009);lesvos;AP;http://fortresseurope.blogspot.com/2009/10/8-afghan-immigrants-drown-as-boat-sinks.html;Del grande;1388;8;;;Greece;26.372171;39.16408;Eastern Mediteranean route Sea;
243;02/11/2009 01:00;2009;Found a dead body on the island of Lesvos. It would be the ninth victim of the sinking of October 27 (Nov 2, 2009);lesvos;Ansa;http://fortresseurope.blogspot.com/2009/11/death-toll-in-migrant-sea-tragedy-hits.html;Del grande;1391;1;;;Greece;26.372171;39.16408;Eastern Mediteranean route Sea;
242;06/11/2009 01:00;2009;Shipwreck off the coast of Turkey in Bodrum, 7 bodies recovered, including 5 children (Nov 6, 2009);Bodrum;Ansa Med;http://fortresseurope.blogspot.com/2009/11/quattro-annegati-al-largo-delle-coste.html;Del grande;1392;7;;;Turkey;27.43029;37.035339;Eastern Mediteranean route Sea;
241;14/11/2009 01:00;2009;The Egyptian border police shot and killed a man on the border with Israel. Three other people were arrested (Nov 14, 2009);Sinai, Egypt;Reuters;http://fortresseurope.blogspot.com/2009/11/egypt-police-kill-africa-migrant-on.html;Del grande;1393;1;;;Egypt;32.899829;24.088938;;
240;16/11/2009 01:00;2009;10 missing after the sinking of two boats off the coast of El Marsa, on the route to Spain. Three bodies recovered (Nov 16, 2009);marsa;Ansa Med;http://fortresseurope.blogspot.com/2009/11/algeria-3-morti-e-10-dispersial-largo.html;Del grande;1394;10;;;Spain;14.493757;35.88301;Central Mediteranean route;
238;01/12/2009 01:00;2009;Egyptian police fired on the border with Israel at Sinai. A dead. At least 17 victims from the start of the year (Dec 1, 2009);Sinai, Egypt;Reuters;http://fortresseurope.blogspot.com/2009/12/egypt-police-kill-african-migrant-at.html;Del grande;1396;1;;;Egypt;32.899829;24.088938;;
237;09/12/2009 01:00;2009;Found the lifeless body of an immigrant inside a truck landed at the port of Marseille to Tangier (Dec 9, 2009);tangier;AP;http://fortresseurope.blogspot.com/2009/12/mort-dun-migrant-marseille.html;Del grande;1397;1;;;France;-5.8;35.766667;Western Mediteranean route;
235;13/12/2009 01:00;2009;Data for 16 missing migrants off the coast of Mostaganem, en route to Spain (Dec 13, 2009);mostaganem;Ansa;http://fortresseurope.blogspot.com/2009/12/algeria-16-dispersi-sulla-rotta-per-la.html;Del grande;1399;16;;;Algeria;0.089767;35.939838;Western Mediteranean route;
233;15/12/2009 01:00;2009;Sinking boat in the river Tisza, on the border between Serbia and Hungary. Drowning 15 people, including a newborn baby (Dec 15, 2009);hungary;Reuters;http://fortresseurope.blogspot.com/2009/12/seven-held-in-kosovo-after-migrants.html;Del grande;1401;1;;;Serbia;19.503304;47.162494;Western Balkan route;
232;18/12/2009 01:00;2009;Two men killed by Egyptian border police at the border with Israel on Sinai (Dec 18, 2009);Sinai, Egypt;Reuters;http://fortresseurope.blogspot.com/2009/12/egyptian-police-kill-two-migrants-at.html;Del grande;1402;2;;;Egypt;32.899829;24.088938;;
2802;04/02/2010 01:00;2010;Egyptian police opened fire on a group of migrants at the border with Israel, 2 dead (Feb 4, 2010);Sinai, Egypt;Reuters;http://fortresseurope.blogspot.com/2010/02/egypt-police-kill-two-migrants-near.html;Del grande;1406;2;Israel;Egypt;Egypt;32.899829;24.088938;;Shot
2801;23/02/2010 01:00;2010;One dead and two injured in the shooting of the Egyptian police at the border with Israel. 8 victims already from the beginning of the year (Feb 23, 2010);Sinai, Egypt;Reuters;http://fortresseurope.blogspot.com/2010/03/egypt-police-kill-migrant-at-israel.html;Del grande;1408;1;Israel;Egypt;Egypt;32.899829;24.088938;;Shot
2800;27/03/2010 01:00;2010;Egyptian police fired on a group of migrants at the border with Israel at Sinai. 2 killed and 5 wounded. 11 victims beginning of the year (Mar 27, 2010);Sinai, Egypt;Reuters;http://fortresseurope.blogspot.com/2010/03/egypt-police-kill-2-african-migrants-on.html;Del grande;1410;2;Israel;Egypt;Egypt;32.899829;24.088938;;Shot
2799;03/04/2010 02:00;2010;Boat capsizes at sea during the landing in Lampedusa. Two missing. One of the corpses will be found a month later (Apr 3, 2010);lampedusa;;http://fortresseurope.blogspot.com/2010/05/cadavere-decapitato-trovato-in-mare.html;Del grande;1412;2;;;Italy;12.59292;35.508622;Central Mediteranean route;Drowned
2798;20/04/2010 02:00;2010;A man killed by gunfire in the Egyptian border police on the border with Israel in Sinai. Already 14 victims beginning of the year (Apr 20, 2010);Sinai, Egypt;Reuters;http://fortresseurope.blogspot.com/2010/04/reuters-ismailia-egypt-april-20-2010.html;Del grande;1414;1;Israel;Egypt;Egypt;32.899829;24.088938;;Shot
2797;21/04/2010 02:00;2010;A 16 year old Afghan boy hit by truck dies beneath which he had hidden in Dunkirk to embark secretly on a ferry to England (Apr 21, 2010);dunkirk;lHumanit;http://fortresseurope.blogspot.com/2010/04/un-afghan-de-seize-ans-meurt-dunkerque.html;Del grande;1415;1;Great Britain;France;France;2.375202;51.03456;;
2796;26/05/2010 02:00;2010;Found the bodies of two men drowned in the Evros River at the border between Turkey and Greece (May 26, 2010);evros;Ekathimerini;http://fortresseurope.blogspot.com/2010/06/dead-migrants-found-in-river-evros.html;Del grande;1416;2;Greece;Turkey;Greece;26.135943;41.244376;Eastern Mediteranean route Land;Shot
2795;29/06/2010 02:00;2010;A 38 year-old Eritrean woman killed by three bullets fired by Egyptian police at the border with Israel in Sinai. It is the nineteenth victim of 2010 (Jun 29, 2010);Sinai, Egypt;Reuters;http://fortresseurope.blogspot.com/2010/06/egypt-police-kill-eritrean-woman-at.html;Del grande;1418;1;Israel;Egypt;Egypt;32.899829;24.088938;;Shot
2794;01/07/2010 02:00;2010;Massacre in the Evros River at the border between Turkey and Greece. Found 16 dead bodies, including five women, drowned trying to swim across the river (Jul 1, 2010);evros;Hurriet;http://fortresseurope.blogspot.com/2010/07/16-migrants-drown-trying-to-reach.html;Del grande;1419;18;Greece;Turkey;Greece;26.135943;41.244376;Eastern Mediteranean route Land;Drowned
2793;07/07/2010 02:00;2010;Found two more bodies in the Evros River at the border with Turkey. Rises to 18 The death toll of the tragedy of July 1 (Jul 7, 2010);evros;Ekathimerini;http://fortresseurope.blogspot.com/2010/07/greece-migrants-deaths-in-evros.html;Del grande;1420;2;Greece;Turkey;Greece;26.135943;41.244376;Eastern Mediteranean route Land;Drowned
2792;21/07/2010 02:00;2010;Landing in Calabria, Belcastro, 1 drowned (Jul 21, 2010);calabria;Ansa;http://fortresseurope.blogspot.it/2010/07/calabria-sbarco-belcastro-1-morto.html;Del grande;1422;1;;;Italy;16.346379;39.308771;Apulia & Calbria;Drowned
2791;29/07/2010 02:00;2010;Two deaths in one week along the border between Egypt and Israel in the Sinai, both killed by Egyptian border police gunfire. There are already 21 people killed on the Sinai since the beginning of 2010 (Jul 29, 2010);Sinai, Egypt;Reuters;http://fortresseurope.blogspot.com/2010/07/egyptian-police-shoot-eritrean-migrant.html;Del grande;1423;2;Israel;Egypt;Egypt;32.899829;24.088938;;Shot
2790;04/08/2010 02:00;2010;Landing in Calabria, found the lifeless body of a young Afghan on a beach of Catanzaro (Aug 4, 2010);calabria;Adnkronos;http://fortresseurope.blogspot.com/2010/08/giovane-afgano-trovato-morto-in-mare.html;Del grande;1424;1;;;Italy;16.346379;39.308771;Apulia & Calbria;Drowned
2789;14/08/2010 02:00;2010;Shooting on the border between Egypt and Israel at Sinai. 6 Eritreans were killed, two under-fire police, 4 shots under their carers (Aug 14, 2010);Sinai, Egypt;Reuters;http://fortresseurope.blogspot.com/2010/08/six-migrants-shot-dead-near-egypt.html;Del grande;1426;6;Israel;Egypt;Egypt;32.899829;24.088938;;Shot
2788;15/08/2010 02:00;2010;Meeting the budget of the massacre of Eritreans in Sinai. According to police, in gunfire with the drivers have been killed at least 10 people dead and others may be dehydrated after fleeing into the wilderness (Aug 15, 2010);sinai;Reuters;http://fortresseurope.blogspot.com/2010/08/police-fear-higher-sinai-migrant-death.html;Del grande;1428;10;;;Egypt;34.035645;30.153994;;
2787;16/08/2010 02:00;2010;He died suffocated inside the truck in which he was hiding in the greek port of Patras to board a ferry line to Venice, bound for England. The corpse of Baiz Ebraim Pshadar is then abandoned by the driver and found by police on the A23 Udine-Tarvisio (Aug 16, 2010);venice;Il Gazzettino;http://fortresseurope.blogspot.com/2010/08/udine-muore-un-curdo-iracheno-nel.html;Del grande;1429;1;Great Britain;Italy;Italy;12.315515;45.440847;;Suffocated
2786;29/08/2010 02:00;2010;Sinking 50 miles off the coast of Sardinia. 1 body recovered, 1 missing at sea (Aug 29, 2010);sardinia;Swiss Info;http://fortresseurope.blogspot.com/2010/08/italia-immigrazione-naufragio-50-miglia.html;Del grande;1432;2;;;Italy;9.012893;40.120875;Central Mediteranean route;Drowned
2784;04/09/2010 02:00;2010;Recovered after eight days adrift vessel sailed from Al Hoceima and live in Andalucia. Found 34 of the 37 passengers on board. The three dead were abandoned at sea (Sep 4, 2010);hoceima;Diario De Sevilla;http://fortresseurope.blogspot.com/2010/09/moverse-es-la-reaccion-natural-ante-un.html;Del grande;1434;3;Spain;Morocco;Spain;-3.937112;35.249299;Western Mediteranean route;Drowned
2785;04/09/2010 02:00;2010;He died in the shooting of the Egyptian police on the border with Israel in Sinai, an immigrant African (Sep 4, 2010);Sinai, Egypt;Reuters;http://fortresseurope.blogspot.com/2010/09/egyptian-police-shoot-migrant-trying-to.html;Del grande;1433;3;Israel;Egypt;Egypt;32.899829;24.088938;;Shot
2783;11/09/2010 02:00;2010;Yahya Ishaq Suleiman, 25, Sudanese, who was killed in the fire of the Egyptian police at the border with Israel in Sinai. So far this year, are already 32 migrants killed in this area (Sep 11, 2010);Sinai, Egypt;Reuters;http://fortresseurope.blogspot.com/2010/09/sudanese-migrant-shot-dead-at-egypt.html;Del grande;1436;1;Israel;Egypt;Egypt;32.899829;24.088938;;Shot
2782;14/10/2010 02:00;2010;Attacked near the port of Samos, loses his life a boy who emigrated 23 years (Oct 14, 2010);samos;Kathimerini;http://fortresseurope.blogspot.com/2010/10/migrant-death-in-samos.html;Del grande;1439;1;;;Greece;26.820351;37.743215;Eastern Mediteranean route Sea;
2781;31/10/2010 02:00;2010;Sudanese police gunfire killed by Egyptian border in the Sinai Desert, at the border with Israel (Oct 31, 2010);Sinai, Egypt;Map;http://fortresseurope.blogspot.com/2010/10/un-soudanais-tue-lors-dune-tentative-de.html;Del grande;1441;1;Israel;Egypt;Egypt;32.899829;24.088938;;Shot
2780;03/11/2010 01:00;2010;The court of Algiers, a conviction for the murder of Indian sailor Kalkouli Amine, aged 18, who was killed while trying to climb to sneak up on a merchant ship at anchor in the port of Algiers, August 24, 2008, and directed in Europe (Nov 3, 2010);algiers;Info Soir;http://fortresseurope.blogspot.com/2010/11/alger-un-marin-indien-tue-un-harraga.html;Del grande;1442;1;;;Algeria;3.042048;36.752887;Western Mediteranean route;
2779;04/11/2010 01:00;2010;Shipwreck on the route for Spain, saves the merchant 5 of 10 passengers originating in Ain Tourk, Oran, the other 5 are dispersed (Nov 4, 2010);oran;El Khaber;http://fortresseurope.blogspot.com/2010/11/cinq-harragas-dain-tourk-ont-failli.html;Del grande;1443;5;Spain;Algeria;Algeria;-0.633056;35.696944;Western Mediteranean route;Drowned
2778;12/11/2010 01:00;2010;Found the body of a young man drowned on the way to Spain, to Chabia. This is the fourth corpse fished out of a month in the area of __Mostaganem, after the three found in Ouled Boughanem, Hadjadj and Sidi Lakhdar (Nov 12, 2010);mostaganem;Les Temps dAlgrie;http://fortresseurope.blogspot.com/2010/11/un-autre-cadavre-decouvert-la-plage.html;Del grande;1444;1;Spain;Algeria;Algeria;0.089767;35.939838;Western Mediteranean route;Drowned
2777;13/11/2010 01:00;2010;Twenty-one Eritrean killed by the gunfire of the Egyptian border police on the border with Israel in Sinai (Nov 13, 2010);Sinai, Egypt;Almasr alyoum;http://fortresseurope.blogspot.com/2010/11/egypt-10-african-migrants-arrested-and.html;Del grande;1445;21;Israel;Egypt;Egypt;32.899829;24.088938;;Shot
2776;30/11/2010 01:00;2010;A group of 250 Eritreans, 80 of which are rejected by Italy in Libya last year, ends sequestered into the hands of smugglers who have entrusted themselves to cross the border between Egypt and Israel in the Sinai. The redemption price is set at $ 8,000. An escape attempt fails and is repressed with unprecedented violence, resulting in the killing of six Eritreans (Nov 30, 2010);Sinai, Egypt;Repubblica;http://fortresseurope.blogspot.com/2010/11/uccisi-6-eritrei-nel-sinai-lincubo-di.html;Del grande;1448;6;;;Egypt;32.899829;24.088938;;Shot
2775;02/12/2010 01:00;2010;Sardar Ayari, Afghanistan, 25 years and father of three, died crushed between two trucks while trying to hide in a truck near the port of Patras to embark secretly to Italy (Dec 2, 2010);patras;Migreurop;http://fortresseurope.blogspot.com/2010/12/patrasso-schiacciato-tra-due-camion.html;Del grande;1450;1;Italy;Greece;Greece;21.734574;38.24664;;
2774;11/12/2010 01:00;2010;Killed by their smugglers two other men in the group of 250 Eritreans seized more than a month in the Sinai desert by the same Bedouin who had been entrusted to cross the border with Israel. The execution could be a retaliation for failure to pay the ransom of $ 8,000 that the robbers asking for free hostages (Dec 11, 2010);Sinai, Egypt;Repubblica;http://fortresseurope.blogspot.com/2010/12/profughi-eritrei-tragedia-nel-deserto.html;Del grande;1451;2;;;Egypt;32.899829;24.088938;;Shot
;02/01/2011 00:00;2011;died crossing the Oder/Neisse border. German police did not record the precise date.;;German Federal Police;;;;1;Germany;Poland;Germany;14.197083;52.825559;;drowned
2773;02/01/2011 01:00;2011;A dead man killed in the shooting of the Egyptian police at the border with Israel on Sinai (Jan 2, 2011);Sinai, Egypt;AFP;http://fortresseurope.blogspot.com/2011/01/egypt-police-say-migrant-killed-at.html;Del grande;1454;1;Israel;Egypt;Egypt;32.899829;24.088938;;Shot
2772;22/01/2011 01:00;2011;Found in Estepona, Malaga, the lifeless body of a young boy drowned in a crossing (Jan 22, 2011);estepona;Apdha;http://docs.google.com/viewer?url=http://www.apdha.org/media/FronteraSur2012.pdf;Del grande;1460;1;;;Spain;-5.149141;36.42985;Western Mediteranean route;Drowned
2771;26/01/2011 01:00;2011;Emerges from the sea lifeless body of a man drowned during a shipwreck in the sea area between Morocco and Spain. The discovery was made in Estepona (Jan 26, 2011);estepona;Diario Sur;http://fortresseurope.blogspot.com/2011/01/spagna-il-mare-porta-riva-un-altro.html;Del grande;1462;1;Spain;Morocco;Spain;-5.149141;36.42985;Western Mediteranean route;Drowned
2770;15/02/2011 01:00;2011;Found in Bouharoun, Tipaza, the lifeless bodies of 6 boys drowned during the crossing to Spain (Feb 15, 2011);bouharoun, tipaza;Apdha;http://docs.google.com/viewer?url=http://www.apdha.org/media/FronteraSur2012.pdf;Del grande;1466;6;Spain;Algeria;Algeria;2.654829;36.623381;Western Mediteranean route;
2768;25/02/2011 01:00;2011;Found the lifeless body of a young boy drowned trying to swim to Ceuta, one of the two Spanish enclaves in Morocco (Feb 25, 2011);ceuta;El Faro;http://fortresseurope.blogspot.com/2011/03/ceuta-muore-annegato-un-16enne-alla.html;Del grande;1468;1;Spain;Morocco;Spain;-5.324636;35.888384;Western Mediteranean route;
2767;26/02/2011 01:00;2011;The family of 9 children in the province of Arzew recognize the bodies of their loved ones, fished in Jijel after the sinking of their ship direct to Spain, 6 other passengers are still missing (Feb 26, 2011);arzew;Apdha;http://docs.google.com/viewer?url=http://www.apdha.org/media/FronteraSur2012.pdf;Del grande;1469;15;Spain;Algeria;Algeria;-0.316667;35.85;Western Mediteranean route;Drowned
2766;04/03/2011 01:00;2011;A vessel is at sea the lifeless body of a drowning man, to Cap Carbon, Arzew (Mar 4, 2011);arzew;Apdha;http://docs.google.com/viewer?url=http://www.apdha.org/media/FronteraSur2012.pdf;Del grande;1471;1;;;Algeria;-0.316667;35.85;Western Mediteranean route;Drowned
2765;05/03/2011 01:00;2011;During the landing of the ferry greek Ionian King at the port of Souda, Crete load of 1,200 foreigners were evacuated from Benghazi, fleeing Libya in revolt, a group of 46 Bangladeshis fear of being expelled from Greece throws herself into the sea to escape groped . 3 of them drowned, while 16 others are reported missing (Mar 5, 2011);crete;Kathimerini;http://fortresseurope.blogspot.com/2011/03/grecia-3-morti-e-16-dispersi-tra-i.html;Del grande;1473;19;;;Greece;24.809269;35.240117;Eastern Mediteranean route Sea;Drowned
2763;14/03/2011 01:00;2011;"Sailed from Sidi Mansour (Sfax) on the route to Lampedusa, the old fishing vessel ""Zuhair"" is lost at sea with all its 48 passengers. It is a different vessel from that wrecked yesterday in Kerkennah (Mar 14, 2011)";lampedusa;Fortress Europe;http://fortresseurope.blogspot.com/2011/11/ahmed-akram-mohammed-makram-e-walid.html;Del grande;1477;48;Italy;Tunisia;Tunisia;12.59292;35.508622;Central Mediteranean route;Drowned
2762;17/03/2011 01:00;2011;A corpse in an advanced state of decomposition was found on the rocks of Pantelleria. Two other victims of the crossings of the Strait of Sicily were fished out in the last hour off Lampedusa (Mar 17, 2011);lampedusa;Repubblica;http://fortresseurope.blogspot.com/2011/03/pantelleria-trovato-un-cadavere-sugli.html;Del grande;1480;3;;;Italy;12.59292;35.508622;Central Mediteranean route;Drowned
2760;29/03/2011 02:00;2011;You lost at sea a boat game from Sfax to Lampedusa with 74 passengers on board. The victims were originating in the governorate of Kef and the districts of Hay and Nur Mallasin in Tunis, no victim of Jebal Ahmer (Mar 29, 2011);lampedusa;Fortress Europe;http://fortresseurope.blogspot.com/2011/11/il-naufragio-di-zarzis-e-i-ragazzi-di.html;Del grande;1483;74;Italy;Tunisia;Tunisia;12.59292;35.508622;Central Mediteranean route;Drowned
2761;29/03/2011 02:00;2011;You lost at sea a boat game from Zarzis to Lampedusa with 46 passengers on board. At least 7 of them are from the district of Jebal Ahmer, in Tunis (Mar 29, 2011);lampedusa;Fortress Europe;http://fortresseurope.blogspot.com/2011/11/il-naufragio-di-zarzis-e-i-ragazzi-di.html;Del grande;1482;46;Italy;Tunisia;Tunisia;12.59292;35.508622;Central Mediteranean route;Drowned
2759;01/04/2011 02:00;2011;Landing at Marina di Modica (Rg), in Sicily, a drowned (Apr 1, 2011);marina;Il clandestino;http://fortresseurope.blogspot.com/2011/04/modica-un-morto-annegato-punta.html;Del grande;1485;1;;;Italy;14.773094;36.711697;Central Mediteranean route;Drowned
2758;02/04/2011 02:00;2011;Found a second dead body near Marina di Modica (Rg), in Sicily, in the cliffs of Punta Regilione, drowned after the landing of the previous days (Apr 2, 2011);punta;Il clandestino;http://fortresseurope.blogspot.com/2011/04/modica-ritrovato-un-altro-cadavere-in.html;Del grande;1486;1;;;Italy;-16.324539;28.569022;Western African route;Drowned
2757;03/04/2011 02:00;2011;Shipwreck off the coast of Libya in a boat heading to Lampedusa. Found along the shores of Tripoli, the lifeless bodies of 68 people drowned. Unspecified number of missing at sea. According to the agency Habeshia could be over 250, but the information is not confirmed (Apr 3, 2011);lampedusa;Tg3;http://fortresseurope.blogspot.com/2011/04/libia-naufragio-tripoli-almeno-68.html;Del grande;1488;250;Italy;Libya;Libya;12.59292;35.508622;Central Mediteranean route;Drowned
2756;13/04/2011 02:00;2011;Are still missing at sea, twenty days after their departure from Libya, two boats of the Eritrean direct to Lampedusa. First there were 335 passengers and 160 on the second. Both had asked for help by calling the Eritrean community in Rome. But they never arrived at their destination. Neither in Italy nor in Malta, nor have returned to Libya (Apr 13, 2011);lampedusa;Repubblica;http://fortresseurope.blogspot.com/2011/04/pantelleria-due-morte-un-disperso-e-le.html;Del grande;1491;495;Italy;Libya;Libya;12.59292;35.508622;Central Mediteranean route;Drowned
2755;19/04/2011 02:00;2011;Tunisian hit and killed on the Bari bypass while walking to the reception center (Apr 19, 2011);bari;Agi;http://fortresseurope.blogspot.com/2011/04/tunisino-investito-e-ucciso-sulla.html;Del grande;1494;1;;;Italy;16.871871;41.117143;Apulia & Calbria;Shot
2754;30/04/2011 02:00;2011;Linosa, found a dead body among the rocks. Probably one of the more than two hundred missing the wreck of 6 April (Apr 30, 2011);linosa;Ansa;http://fortresseurope.blogspot.com/2011/04/linosa-ritrovato-un-cadavere-tra-gli.html;Del grande;1495;1;;;Italy;12.868741;35.866074;Central Mediteranean route;Drowned
2751;09/05/2011 02:00;2011;The British newspaper Guardian raised the complaints of eirtrei of Rome. A boat with 72 on board Eritrean wandered the Mediterranean for two weeks without receiving rescue ships of NATO, who left to die of starvation 61 passengers (May 9, 2011);Italy;The Guardian;http://fortresseurope.blogspot.com/2011/05/abbandonati-alla-deriva-dalle-navi.html;Del grande;1500;61;;;Italy;12.56738;41.87194;;Starvation
2752;09/05/2011 02:00;2011;Found three bodies among the rocks of Punta Sword, in Lampedusa, where yesterday a boat ran aground with 528 passengers on board (May 9, 2011);punta;Ansa;http://fortresseurope.blogspot.com/2011/05/lampedusa-recuperati-tre-cadaveri-tra.html;Del grande;1499;3;;;Italy;-16.324539;28.569022;Western African route;Drowned
2753;09/05/2011 02:00;2011;Suspended the search for victims of the sinking of Almeria on May 6. The budget is 4 dead, including two children, and 20 missing (May 9, 2011);almeria;Europa Press;http://fortresseurope.blogspot.com/2011/05/almeria-sospese-le-ricerche-dei.html;Del grande;1498;24;;;Spain;-2.463714;36.834047;Western Mediteranean route;Drowned
2750;10/05/2011 02:00;2011;Lost at sea from a boat game Metline and live in Pantelleria, with 17 children on board the Cap Zebib (May 10, 2011);pantelleria;Fortress Europe;http://fortresseurope.blogspot.com/2011/05/tunisia-naufragio-metline-17-dispersi.html;Del grande;1501;17;;;Tunisia;11.940496;36.828221;Central Mediteranean route;Drowned
2748;11/05/2011 02:00;2011;One of the passengers of a vessel arrived in Lampedusa complaint: 5 people thrown into the sea as human sacrifices to ward off the bad weather (May 11, 2011);lampedusa;Ansa;http://fortresseurope.blogspot.com/2011/05/gettati-in-mare-per-sacrifici-umani.html;Del grande;1503;5;;;Italy;12.59292;35.508622;Central Mediteranean route;Drowned
2749;11/05/2011 02:00;2011;The Tunisian government admits: during the month of April, were found the bodies of 58 boys Tunisians drowned en route to Lampedusa. The findings have occurred along the beaches of Skhira, Chaffar, Kerkennah, Gabes, Djerba and Mahdia (May 11, 2011);lampedusa;Ansamed;http://fortresseurope.blogspot.com/2011/05/tunisia-58-morti-4-motovedette-e-800.html;Del grande;1502;58;Italy;Tunisia;Tunisia;12.59292;35.508622;Central Mediteranean route;Drowned
2747;16/05/2011 02:00;2011;Recovered 40 miles off the coast of Motril the lifeless body of a drowning (May 16, 2011);motril;Apdha;http://docs.google.com/viewer?url=http://www.apdha.org/media/FronteraSur2012.pdf;Del grande;1504;1;;;Spain;-3.516861;36.748374;Western Mediteranean route;Drowned
2745;19/05/2011 02:00;2011;Three drowned in Mazara del Vallo, Trapani, when the captain of a boat which then took over the wide, has forced 17 passengers to jump into the sea and Tunisians continue to swim to the shore (May 19, 2011);vallo;Ansa;http://fortresseurope.blogspot.com/2011/05/sicilia-un-morto-e-due-dispersi-mazara.html;Del grande;1506;3;;;Italy;9.137443;42.434479;;Drowned
2746;19/05/2011 02:00;2011;Shipwreck in Preveza, on the route to Italy. Rescued at sea two corpses, including that of a child of eight years. Lost at sea another child (May 19, 2011);preveza;Kathimerini;http://fortresseurope.blogspot.com/2011/05/grecia-naufragio-sulla-rotta-per.html;Del grande;1505;3;;;Greece;20.751716;38.959265;;Drowned
2744;21/05/2011 02:00;2011;An eyewitness report: 320 lost at sea on the night of 28 April 2011, after the shipwreck off the coast of Zuwara a direct boat to Lampedusa. Another dozen or so passengers on a second boat fell into the sea and drowned during the same night, because of the storm (May 21, 2011);lampedusa;Fortress Europe;http://fortresseurope.blogspot.com/2011/05/il-naufragio-fantasma-un-testimone-320.html;Del grande;1507;330;Italy;Libya;Libya;12.59292;35.508622;Central Mediteranean route;Drowned
2743;22/05/2011 02:00;2011;The Eritrean community in Rome to voice Agency Habeshia association, announced that he had received news of the death of 25 Eritreans held hostage by Bedouin smugglers Rashiaida of the clan, to which you were entrusted to switch the Egyptian border with Israel, along Sinai. For months, it is common practice that the smugglers take their passengers hostage pending payment of a ransom by his family, before taking them across the border (May 22, 2011);Sinai, Egypt;Agenzia Habeshia;http://fortresseurope.blogspot.com/2011/05/egitto-25-eritrei-uccisi-nelle-ultime.html;Del grande;1509;25;Israel;Egypt;Egypt;32.899829;24.088938;;
2742;23/05/2011 02:00;2011;Arson at the refugee camp of Ras Jdayr, at the border between Tunisia and Libya, where there are thousands of displaced people who fled the war in Libya. Deaths 4 Eritreans (May 23, 2011);tunis;Afp;http://fortresseurope.blogspot.com/2011/05/tunisia-incendio-al-campo-profughi.html;Del grande;1510;4;;;Tunisia;10.16596;36.81881;Central Mediteranean route;Arson attack
2741;05/06/2011 02:00;2011;Fished in the waters of the island of Kerkennah the lifeless bodies of 26 passengers of the old fishing boat sank three days earlier on the route to Lampedusa (Jun 5, 2011);lampedusa;Ansa;http://fortresseurope.blogspot.com/2011/06/tunisia-il-mare-ha-restituito-26.html;Del grande;1515;26;Italy;Tunisia;Tunisia;12.59292;35.508622;Central Mediteranean route;Drowned
2740;12/06/2011 02:00;2011;Ceuta, which was found on the beach Calamocarro the lifeless body of a young boy drowned trying to swim to enter the Spanish enclave in Morocco (Jun 12, 2011);ceuta;Apdha;http://docs.google.com/viewer?url=http://www.apdha.org/media/FronteraSur2012.pdf;Del grande;1516;1;Spain;Morocco;Spain;-5.324636;35.888384;Western Mediteranean route;Drowned
2739;24/06/2011 02:00;2011;Landing in Sicily, between Sciacca and Ribera, one of the passengers found dead, an Egyptian boy of 15 years, probably killed by the propeller of the motor (Jun 24, 2011);sicily;Repubblica;http://fortresseurope.blogspot.com/2011/06/agrigento-ragazzo-muore-durante-lo.html;Del grande;1517;1;;;Italy;14.015356;37.599994;Central Mediteranean route;
2738;25/06/2011 02:00;2011;The Egyptian border police opened fire on a group of Sudanese intent to pass the Israeli border in the Sinai Desert, killing 4 men (Jun 25, 2011);Sinai, Egypt;AFP;http://fortresseurope.blogspot.com/2011/06/sinai-fuoco-al-confine-israeliano.html;Del grande;1520;4;Israel;Egypt;Egypt;32.899829;24.088938;;Shot
2737;07/07/2011 02:00;2011;An Eritrean boy killed by a shot gun fired by Egyptian border police along the border with Israel in the Sinai desert (Jul 7, 2011);Sinai, Egypt;Al Masry Al Youm;http://fortresseurope.blogspot.com/2011/07/egitto-ucciso-dalla-polizia-al-confine.html;Del grande;1523;1;Israel;Egypt;Egypt;32.899829;24.088938;;Shot
2736;08/08/2011 02:00;2011;Found the bodies of two boys hiding in the engine room of a ferry line between Ceuta and Spain, where they were hidden in secret to achieve Europe (Aug 8, 2011);ceuta;Abc;http://fortresseurope.blogspot.com/2011/08/ceuta-due-morti-nascosti-nella-stiva-di.html;Del grande;1526;2;Spain;Morocco;Spain;-5.324636;35.888384;Western Mediteranean route;
2735;12/08/2011 02:00;2011;A 23 year-old killed by gunfire in the Sudanese Egyptian border police on the border with Israel in Sinai. According to HRW would be at least 87 people have been killed by Egyptian agents along this border since 2007 (Aug 12, 2011);Sinai, Egypt;Afp;http://fortresseurope.blogspot.com/2011/08/egitto-la-polizia-uccide-un-uomo-al.html;Del grande;1528;1;Israel;Egypt;Egypt;32.899829;24.088938;;Shot
2734;14/08/2011 02:00;2011;A dinghy flips off the island of Marettimo (Tr), 3 missing in sea (Aug 14, 2011);marettimo;Ansa;http://fortresseurope.blogspot.com/2011/08/marettimo-3-ragazzi-tunisini-dispersi.html;Del grande;1529;3;;;Italy;12.054691;37.973976;Central Mediteranean route;Drowned
2733;18/08/2011 02:00;2011;Two men killed at the border with Israel in Sinai, in the shooting of Egyptian border police (Aug 18, 2011);Sinai, Egypt;Al Masry Al Yawm;http://fortresseurope.blogspot.com/2011/09/egitto-due-uomini-uccisi-dalla-polizia.html;Del grande;1530;2;Israel;Egypt;Egypt;32.899829;24.088938;;Shot
2732;19/08/2011 02:00;2011;Fall in the water during the crossing to Lampedusa, lost at sea 2 boys Tunisians (Aug 19, 2011);lampedusa;Adnkronos;http://fortresseurope.blogspot.com/2011/08/dispersi-in-mare-2-tunisini-nuova.html;Del grande;1531;2;Italy;Tunisia;Tunisia;12.59292;35.508622;Central Mediteranean route;Drowned
2731;31/08/2011 02:00;2011;Almeria found the lifeless body of a drowning man drowned during the crossing (Aug 31, 2011);almeria;Apdha;http://docs.google.com/viewer?url=http://www.apdha.org/media/FronteraSur2012.pdf;Del grande;1532;1;;;Spain;-2.463714;36.834047;Western Mediteranean route;Drowned
2729;02/09/2011 02:00;2011;Lost at sea 14 boys aged between 18 and 25 years, all of the province of El-Amria. They had left from a beach of Ain Tmouchent, full ramadan to the Spanish coast (Sep 2, 2011);Ain Tmouchent, algeria;El Watan;http://fortresseurope.blogspot.com/2011/09/algeria-14-ragazzi-dispersi-sulla-rotta.html;Del grande;1534;14;Spain;Algeria;Algeria;-1.14489;35.30241;Western Mediteranean route;Drowned
2728;03/09/2011 02:00;2011;4 dead, 15 missing in a shipwreck in the Ionian Sea on the route for Calabria, off the island of Kefalonia (Sep 3, 2011);calabria;Clandestina;http://fortresseurope.blogspot.com/2011/09/ionio-4-morti-e-15-dispersi-al-largo-di.html;Del grande;1535;19;;;Greece;16.346379;39.308771;Apulia & Calbria;Drowned
2727;06/09/2011 02:00;2011;Ceuta, found harbor in the body of a young man drowned trying to embark secretly on a ferry to Spain, to the Muelle Pier 4 Given Caonero (Sep 6, 2011);ceuta;Apdha;http://docs.google.com/viewer?url=http://www.apdha.org/media/FronteraSur2012.pdf;Del grande;1536;1;Spain;Morocco;Spain;-5.324636;35.888384;Western Mediteranean route;Drowned
2726;11/09/2011 02:00;2011;Found the lifeless bodies of two castaways to TENES, en route to Spain, the day before had been rescued a boat in the same area (Sep 11, 2011);Algeria to Spain;Apdha;http://docs.google.com/viewer?url=http://www.apdha.org/media/FronteraSur2012.pdf;Del grande;1537;2;Spain;Algeria;Algeria;-1.494141;36.146155;Western Mediteranean route;
2725;13/09/2011 02:00;2011;17 guys are missing the left from a beach Benazzouz, in Skikda, on August 17 and to Sardinia. Their boat was found empty in Bejaia, where it was carried by the current (Sep 13, 2011);skikda;El Watan;http://fortresseurope.blogspot.com/2011/09/algeria-2-harraga-morti-e-15-dispersi.html;Del grande;1538;17;Italy;Algeria;Algeria;6.9;36.866667;Central Mediteranean route;Drowned
2723;21/09/2011 02:00;2011;The lifeless bodies of four men have surfaced from the sea along the coast of Izmir, Seferihisar, on the route to the Greek island of Samos. The number of missing unknown shipwreck (Sep 21, 2011);samos;Today Zaman;http://fortresseurope.blogspot.com/2011/09/turchia-naufragio-sulla-rotta-per-samos.html;Del grande;1540;4;Greece;Turkey;Turkey;26.820351;37.743215;Eastern Mediteranean route Sea;Drowned
2722;23/09/2011 02:00;2011;Shipwreck in the Ionian Sea on the route for Calabria, off the island of Zakynthos, 3 dead (Sep 23, 2011);calabria;Clandestina;http://fortresseurope.blogspot.com/2011/09/ancora-una-strage-su-una-delle-rotte.html;Del grande;1541;3;;;Greece;16.346379;39.308771;Apulia & Calbria;Drowned
2721;12/10/2011 02:00;2011;Found the bodies of two boys drowned trying to swim across the Evros River at the border between Turkey and Greece (Oct 12, 2011);evros;Kathimerini;http://fortresseurope.blogspot.com/2011/10/grecia-2-morti-annegati-sul-fiume-evros.html;Del grande;1542;2;Greece;Turkey;Greece;26.135943;41.244376;Eastern Mediteranean route Land;Drowned
2720;13/10/2011 02:00;2011;3 found dead off the coast of Calblanque and 2 off Calarreona and Punta Negrete, in the area of __Murcia, they are the 5 missing in a boat rescued a few days before (Oct 13, 2011);punta;Apdha;http://docs.google.com/viewer?url=http://www.apdha.org/media/FronteraSur2012.pdf;Del grande;1543;5;;;Spain;-16.324539;28.569022;Western African route;Drowned
2719;18/10/2011 02:00;2011;Drown a twenty year old, fell into the sea while attempting to climb on the rocks along with the other 41 passengers landed at Seminara, in the province of Reggio Calabria (Oct 18, 2011);calabria;Ansa;http://fortresseurope.blogspot.com/2011/10/calabria-ritrovato-il-corpo-di-un-uomo.html;Del grande;1544;1;;;Italy;16.346379;39.308771;Apulia & Calbria;Drowned
2718;23/10/2011 02:00;2011;Disembark in Locri, Calabria, a vessel with 53 young Egyptians on board. Drowned a 16 year old boy (Oct 23, 2011);calabria;Adnkronos;http://fortresseurope.blogspot.com/2011/10/sbarco-nella-locride-muore-un-sedicenne.html;Del grande;1545;1;;;Italy;16.346379;39.308771;Apulia & Calbria;Drowned
2717;24/10/2011 02:00;2011;Found the lifeless bodies of 3 boys drowned trying to swim around the border post Tarajal. The Moroccan authorities do not exclude others lost at sea (Oct 24, 2011);tarajal;Abc;http://fortresseurope.blogspot.com/2011/10/marocco-tentano-di-raggiungere-nuoto.html;Del grande;1546;3;Spain;Morocco;Spain;-4.506699;36.704636;Western Mediteranean route;Drowned
2716;31/10/2011 01:00;2011;Found the lifeless body of a drowning man who died during the crossing of the Strait, off the coast of Motril, Granada (Oct 31, 2011);granada;Apdha;http://docs.google.com/viewer?url=http://www.apdha.org/media/FronteraSur2012.pdf;Del grande;1547;1;Spain;Morocco;Spain;-3.598557;37.177336;Western Mediteranean route;Drowned
2715;02/11/2011 01:00;2011;Melilla found the lifeless body of a young man drowned trying to swim around the border (Nov 2, 2011);melilla;Apdha;http://docs.google.com/viewer?url=http://www.apdha.org/media/FronteraSur2012.pdf;Del grande;1548;1;Spain;Morocco;Spain;-2.938097;35.292278;Western Mediteranean route;Drowned
2713;07/12/2011 01:00;2011;Rescued 75 miles south of Malta a boat adrift with 44 passengers, who tell two died during the crossing (Dec 7, 2011);malta;Times of Malta;http://fortresseurope.blogspot.com/2011/12/libia-primo-sbarco-malta-dopo-3-mesi.html;Del grande;1555;2;Italy;Libya;Libya;14.375416;35.937496;Central Mediteranean route;
2712;20/12/2011 01:00;2011;Found on the roadside in Imola, the lifeless body of a young man died asphyxiated in the truck in which he was hiding in Greece to embark on a ferry to Italy. To abandon the corpse would have been a truck driver (Dec 20, 2011);Imola;Corriere della Sera;http://fortresseurope.blogspot.com/2011/01/nel-camion-si-erano-nascosti-in-tre-per.html;Del grande;1557;1;Italy;Greece;Italy;11.712429;44.36;;Suffocated
2711;24/12/2011 01:00;2011;One drowned in Ceuta, while trying to swim to the Spanish enclave in Morocco bypassing the border (Dec 24, 2011);ceuta;El Pueblo de Ceuta;http://fortresseurope.blogspot.com/2011/12/ancora-una-vittima-alla-frontiera-sud.html;Del grande;1558;1;Spain;Morocco;Spain;-5.324636;35.888384;Western Mediteranean route;Drowned
2710;30/12/2011 01:00;2011;According Adescam, 3 Congolese women, one of them pregnant, died of starvation after being expelled from Morocco and abandoned in a deserted area on the border with Algeria (Dec 30, 2011);algeria;Apdha;http://docs.google.com/viewer?url=http://www.apdha.org/media/FronteraSur2012.pdf;Del grande;1559;3;;;Morocco;1.659626;28.033886;;Starvation
2709;04/01/2012 01:00;2012;He died of asphyxiation a young Afghan hidden inside a truck in Patras, the port of embarkation of trucks traveling to Italy (Jan 4, 2012);patras;Kathimerini;http://fortresseurope.blogspot.com/2011/01/nel-camion-si-erano-nascosti-in-tre-per.html;Del grande;1560;1;Italy;Greece;Greece;21.734574;38.24664;;Suffocated
2708;10/01/2012 01:00;2012;Found the body of a young man drowned trying to swim around the border of Melilla, the Spanish enclave in Morocco, at the height of Horcas Coloradas (Jan 10, 2012);melilla;Sur;http://fortresseurope.blogspot.com/2012/01/melilla-ritrovato-un-cadavere-horcas.html;Del grande;1562;1;Spain;Morocco;Spain;-2.938097;35.292278;Western Mediteranean route;Drowned
2706;20/01/2012 01:00;2012;Found the bodies of four people drowned in Nador and Melilla trying to swim across the border with the Spanish enclave of Melilla, Morocco (Jan 20, 2012);melilla;Abcds;http://fortresseurope.blogspot.com/2012/01/marocco-4-ragazzi-annegati-tra-nador-e.html;Del grande;1565;4;Spain;Morocco;Morocco;-2.938097;35.292278;Western Mediteranean route;
2705;22/01/2012 01:00;2012;A man and a woman killed by Egyptian border police gunfire to the border with Israel in Sinai (Jan 22, 2012);Sinai, Egypt;Reuters;http://fortresseurope.blogspot.com/2012/01/egitto-un-uomo-e-una-donna-uccisi-nel.html;Del grande;1566;2;Israel;Egypt;Egypt;32.899829;24.088938;;
2704;28/01/2012 01:00;2012;Were hidden in a truck headed to the place of embarkation for the Italian coast, while 5 have died in a road accident (Jan 28, 2012);italian coast;AFP;http://fortresseurope.blogspot.com/2012/01/grecia-5-morti-sulla-rotta-per-litalia.html;Del grande;1567;5;Italy;Greece;Greece;9.234647;44.348399;;
2703;03/02/2012 01:00;2012;The Spanish Civil Guard claims to have recovered in the waters of the Strait of Gibraltar, the bodies of 29 castaways in 2011 (Feb 3, 2012);gibraltar;Abc;http://fortresseurope.blogspot.com/2012/02/spagna-29-cadaveri-ripescati-in-mare.html;Del grande;1570;29;;;Spain;-5.353585;36.140751;Western Mediteranean route;
2702;04/04/2012 02:00;2012;Drifting boat rescued off Lampedusa, the survivors tell of 10 passengers died of starvation during the journey and abandoned at sea (Apr 4, 2012);lampedusa;AGI;http://fortresseurope.blogspot.co.uk/2012/04/sicilia-10-dispersi-nella-traversata.html;Del grande;1575;10;;;Italy;12.59292;35.508622;Central Mediteranean route;Starvation
2701;08/05/2012 02:00;2012;Landing on the island, the survivors tell of 7 passengers died of starvation during the journey, their bodies were abandoned at sea (May 8, 2012);malta;Times of Malta;http://fortresseurope.blogspot.co.uk/2012/05/malta-sbarco-sulla-spiaggia-dei-turisti.html;Del grande;1580;7;;;Malta;14.375416;35.937496;Central Mediteranean route;
2700;09/09/2012 02:00;2012;The Egyptian border police firing on the border with Israel, killing a 25-year old Eritrean (Sep 9, 2012);Sinai, Egypt;Gulf News;http://fortresseurope.blogspot.it/2012/09/egitto-ucciso-25enne-eritreo-al-confine.html;Del grande;1595;1;Israel;Egypt;Egypt;32.899829;24.088938;;Shot
2699;14/09/2012 02:00;2012;Fished among the rocks of the island of Linosa's lifeless body of a young man drowned (Sep 14, 2012);linosa;TgCom;http://fortresseurope.blogspot.it/2012/09/linosa-ritrovato-un-cadavere-sugli.html;Del grande;1596;1;;;Italy;12.868741;35.866074;Central Mediteranean route;Drowned
2698;18/09/2012 02:00;2012;Ceuta, found the lifeless body of a young man drowned while crossing (Sep 18, 2012);ceuta;Abc;http://fortresseurope.blogspot.it/2012/09/spagna-ritrovato-un-cadavere-ceuta.html;Del grande;1598;1;;;Spain;-5.324636;35.888384;Western Mediteranean route;Drowned
2697;10/10/2012 02:00;2012;Shipwreck in Melilla. Recovered the body of a 4 year old girl on the beach Galapagos. Remain missing 1 child and 3 women (Oct 10, 2012);melilla;Diario Sur;http://fortresseurope.blogspot.it/2012/10/spagna-naufragio-melilla-muore-una.html;Del grande;1600;5;;;Spain;-2.938097;35.292278;Western Mediteranean route;Drowned
2696;29/10/2012 01:00;2012;In recent weeks the fishermen of Lampedusa have found two bodies in the sea. It is the missing of the sinking of September 6, 8 dead bodies have so far been fished out (Oct 29, 2012);lampedusa;Giornale di Sicilia;http://fortresseurope.blogspot.it/2012/10/lampedusa-i-pescatori-trovano-2.html;Del grande;1603;2;;;Italy;12.59292;35.508622;Central Mediteranean route;Drowned
2695;04/11/2012 01:00;2012;Shipwreck on the route to Lampedusa, 35 miles north of the Libyan coast. Recovered the bodies of 11 passengers drowned (Nov 4, 2012);lampedusa;Ansa;http://fortresseurope.blogspot.it/2012/11/libia-11-morti-140-miglia-sud-di.html;Del grande;1604;11;Italy;Libya;Libya;12.59292;35.508622;Central Mediteranean route;Drowned
2694;05/11/2012 01:00;2012;Found the lifeless body of a young boy drowned in the sea of __Ceuta, after he tried to swim to the Spanish enclave (Nov 5, 2012);ceuta;La Voz de Galicia;http://fortresseurope.blogspot.it/2012/11/spagna-un-30enne-morto-annegato-ceuta.html;Del grande;1605;1;Spain;Morocco;Spain;-5.324636;35.888384;Western Mediteranean route;Drowned
2693;06/11/2012 01:00;2012;At least 89 travelers drowned in the waters of the Strait of Gibraltar in the week between October 26 and November 6, 2012, of which 31 are from Senegal. The figures were released by the Moroccan authorities. Six survivors landed in Spain have reported seeing others die 54 passengers vessel. Nineteen dead bodies were found in Tangier in addition to the 14 dead found from Rescue Maritimo on October 26 and the other two bodies fished out by the Spanish authorities the next day (Nov 6, 2012);tangier;MUA;http://fortresseurope.blogspot.it/2012/11/marocco-89-morti-in-una-settimana-nello.html;Del grande;1606;89;Spain;Morocco;Morocco;-5.8;35.766667;Western Mediteranean route;Drowned
2692;07/11/2012 01:00;2012;The sea of __Lampedusa returns the lifeless body of a boy, perhaps one of the passengers of the boat wrecked off the island in September (Nov 7, 2012);lampedusa;Ansa;http://fortresseurope.blogspot.it/2012/11/lampedusa-trovato-un-altro-cadavere.html;Del grande;1607;1;;;Italy;12.59292;35.508622;Central Mediteranean route;Drowned
2690;09/11/2012 01:00;2012;A merchant ship passing through the Strait of Gibraltar, has rescued the lifeless body of a young boy drowned in the crossing to Spain, 12 miles southwest of Tarifa (Nov 9, 2012);tarifa;Sur;http://fortresseurope.blogspot.it/2012/11/spagna-recuperato-un-cadavere-al-largo.html;Del grande;1609;1;Spain;Morocco;Spain;-5.600819;36.018776;Western Mediteranean route;Drowned
2691;09/11/2012 01:00;2012;The Spanish Coast Guard has suspended the search for 3 missing in the Strait of Gibraltar off the coast of Tarifa (Nov 9, 2012);tarifa;Abc;http://fortresseurope.blogspot.it/2012/11/spagna-sospese-ricerche-di-3-dispersi.html;Del grande;1608;3;Spain;Morocco;Spain;-5.600819;36.018776;Western Mediteranean route;Drowned
2689;13/12/2012 01:00;2012;During a chase at sea in the Canary Islands, off the coast of Lanzarote, the Spanish coast guard patrol boat of ramming a boat with 25 passengers on board, causing 1 dead and 7 missing (Dec 13, 2012);lanzarote;El Pais;http://politica.elpais.com/politica/2012/12/13/actualidad/1355400561_102722.html;Del grande;1610;1;;;Spain;-13.589973;29.046854;Western African route;Drowned
2688;15/12/2012 01:00;2012;Shipwreck in the waters of the island of Lesvos, Eastern Aegean, 20 people die, 7 others were scattered at sea (Dec 15, 2012);lesvos;Ekathimerini;http://www.repubblica.it/esteri/2012/12/15/news/grecia_naufraga_barcone_di_migranti_sedici_morti_e_undici_dispersi-48800854/?ref=search;Del grande;1611;27;;;Greece;26.372171;39.16408;Eastern Mediteranean route Sea;Drowned
2687;14/01/2013 01:00;2013;The bodies of three castaways fished in the waters of the island of Chios (Jan 14, 2013);chios;Ekathimerini;http://www.ekathimerini.com/4dcgi/_w_articles_wsite1_1_14/01/2013_478257;Del grande;1612;3;;;Greece;26.136346;38.370981;Eastern Mediteranean route Sea;Drowned
;18/01/2013 00:00;2013;Russian Alexander Dolmatov who had sought political asylum in the Netherlands has committed suicide while awaiting deportation to his homeland.;Rotterdam;BBC;http://www.bbc.co.uk/news/world-europe-21080561;Puls;;1;;;Netherlands;4.447575;51.942889;;suicide
2686;22/01/2013 01:00;2013;Found on the banks of the Evros River at the border between Turkey and Greece, the lifeless body of a sixteen year old frozen to death trying to cross the border (Jan 22, 2013);evros;Ekathimerini;http://www.ekathimerini.com/4dcgi/_w_articles_wsite1_1_22/01/2013_479643;Del grande;1613;1;Greece;Turkey;Greece;26.135943;41.244376;Eastern Mediteranean route Land;Drowned
2685;02/03/2013 01:00;2013;Shipwreck in the Straits of Gibraltar, off the coast of Tarifa, a small boat carrying six passengers. 2 dead, 2 missing in sea (Mar 2, 2013);tarifa;El Pais;http://ccaa.elpais.com/ccaa/2013/03/02/andalucia/1362228735_012663.html;Del grande;1614;4;Spain;Morocco;Spain;-5.600819;36.018776;Western Mediteranean route;Drowned
2684;16/03/2013 01:00;2013;A man and a woman are lost at sea off the coast of Tarifa after the sinking of the boat they were traveling with eight other passengers (Mar 16, 2013);tarifa;El Pais;http://ccaa.elpais.com/ccaa/2013/03/16/andalucia/1363437379_530495.html;Del grande;1615;2;;;Spain;-5.600819;36.018776;Western Mediteranean route;Drowned
;24/03/2013 00:00;2013;Arriving in Chad after an expulsion from Libya, died from a combination of exhaustion, dehydration, lack of food and water and sickness.;Faya, Chad;IOM;http://www.iom.int/cms/render/live/en/sites/iom/home/news-and-views/press-briefing-notes/pbn-2013/pbn-listing/chadian-migrants-expelled-from-l.html;Puls;;1;;;Chad;19.116667;17.916944;Central Mediteranean route;exhaustion
2682;18/04/2013 02:00;2013;One of the passengers drowned in an inflatable rescue off the coast of Tarifa (Apr 18, 2013);tarifa;Diario Sur;http://www.diariosur.es/v/20130418/andalucia/inmigrante-muere-tarifa-otros-20130418.html;Del grande;1617;1;;;Spain;-5.600819;36.018776;Western Mediteranean route;Drowned
2683;18/04/2013 02:00;2013;Shipwreck off the coast of Al Hoceima, on the route for Spain, killed 10 of the 34 passengers (Apr 18, 2013);hoceima;Diario Sur;http://www.diariosur.es/v/20130418/andalucia/inmigrante-muere-tarifa-otros-20130418.html;Del grande;1616;10;Spain;Morocco;Morocco;-3.937112;35.249299;Western Mediteranean route;Drowned
2681;15/05/2013 02:00;2013;Shipwreck off the coast of the island Farmakonisi, dies drowned a six year old girl (May 15, 2013);farmakonisi;Ekathimerini;http://www.ekathimerini.com/4dcgi/_w_articles_wsite1_1_15/05/2013_499041;Del grande;1618;1;;;Greece;27.088338;37.282956;Eastern Mediteranean route Sea;Drowned
;31/05/2013 01:00;2013;Died in the transfer from a detention center in southern Libya to the border with Niger.;Libya;MISNA;http://www.misna.org/en/other/hundreds-of-migrants-deported-from-libya-to-niger-30-05-2013-813.html;Puls;;2;;;Libya;17.228331;26.3351;Central Mediteranean route;exhaustion
2680;15/06/2013 02:00;2013;Woman dies in childbirth on a boat set sail from Turkey and landed in Roccella Jonica in Calabria. The body was abandoned at sea (Jun 15, 2013);calabria;Repubblica;http://www.repubblica.it/cronaca/2013/06/15/news/calabria_una_neonata_senza_mamma_tra_i_159_immigrati_arrivati_a_roccella-61143123/?ref=search;Del grande;1619;2;Italy;Turkey;Italy;16.346379;39.308771;Apulia & Calbria;
2678;25/07/2013 02:00;2013;Shipwreck in the waters of the island of Oinusses, a man lost at sea (Jul 25, 2013);oinusses;Ekathimerini;http://www.ekathimerini.com/4dcgi/_w_articles_wsite1_1_25/07/2013_511115;Del grande;1621;1;;;Greece;26.220492;38.515435;Eastern Mediteranean route Sea;Drowned
2679;25/07/2013 02:00;2013;About forty men assail the barrier on the border of the Spanish enclave of Melilla, Morocco, and manage to cross the border. One of them, however, died of a cardiorespiratory attack (Jul 25, 2013);melilla;Abc;http://www.abc.es/espana/20130725/rc-nuevo-asalto-valla-melilla-201307251949.html;Del grande;1620;1;Spain;Morocco;Spain;-2.938097;35.292278;Western Mediteranean route;
2677;26/07/2013 02:00;2013;Shipwreck off the island of Kos, only one survivor. Found the lifeless bodies of a little girl, 2 women and a man. 8 other passengers still missing (Jul 26, 2013);kos;Ekathimerini;http://www.ekathimerini.com/4dcgi/_w_articles_wsite1_1_26/07/2013_511396;Del grande;1622;10;;;Greece;27.102943;36.799851;Eastern Mediteranean route Sea;Drowned
2676;27/07/2013 02:00;2013;Found two more bodies in the waters of Kos after the wreck yesterday. It is of two children, one of five years and the other eight (Jul 27, 2013);kos;Ekathimerini;http://www.ekathimerini.com/4dcgi/_w_articles_wsite1_1_27/07/2013_511538;Del grande;1623;2;;;Greece;27.102943;36.799851;Eastern Mediteranean route Sea;Drowned
2675;28/07/2013 02:00;2013;Inflatable direct Lampedusa spilling into the sea 29 miles off the Libyan coast, drowning 31 of the 53 passengers, including 9 women (Jul 28, 2013);lampedusa;Repubblica;http://www.repubblica.it/cronaca/2013/07/28/news/immigrazione_naufragio_31_morti-63857909/?ref=search;Del grande;1624;31;Italy;Libya;Italy;12.59292;35.508622;Central Mediteranean route;Drowned
;30/07/2013 01:00;2013;A dinghy carrying 53 migrants capsized.;Malta;TOM;http://www.timesofmalta.com/articles/view/20130729/local/press-digest.479895;Puls;;31;Malta;;;14.375416;35.937496;Central Mediteranean route;drowned
;30/07/2013 01:00;2013;An Afghan detainee dies from a lung infection that his guards ignored for months.;Amygdaleza detention center;KEERFA;http://news.kuwaittimes.net/hunt-in-athens-after-detention-camp-riot/;Puls;;1;;;Greece;23.72931;37.983716;;ill-treatment
;01/08/2013 01:00;2013;A speed boat carrying migrants capsized.;Tavakl?, Turkey;Hürriyet;http://www.hurriyetdailynews.com/at-least-24-illegal-migrants-drown-in-aegean-sea.aspx?pageID=238&nid=51748&NewsCatID=359;Puls;;24;Greece;Turkey;Turkey;26.196498;39.671689;Eastern Mediteranean route Sea;drowned
2674;01/08/2013 02:00;2013;Boat adrift between Tangier and Tarifa in the Straits of Gibraltar. Despite the rescue of the Spanish coast guard, one of eight passenger dies on board (Aug 1, 2013);tarifa;Abc;http://www.abc.es/agencias/noticia.asp?noticia=1470784;Del grande;1625;1;Spain;Morocco;Spain;-5.600819;36.018776;Western Mediteranean route;
;05/08/2013 01:00;2013;Three female migrants died during a voyage to Europe in a rubber dinghy and 174 others were rescued.;Lampedusa;Naharnet;http://www.naharnet.com/stories/en/93135-three-migrants-drown-on-perilous-trek-to-italy-in-rubber-dinghy;Puls;;3;Italy;Libya;Italy;12.59292;35.508622;Central Mediteranean route;drowned
2673;10/08/2013 02:00;2013;A 31-year old Moroccan prisoner dies in the Centre for Identification and Expulsion (CIE) for an illness of Crotone, in circumstances not yet clarified (Aug 10, 2013);crotone;Repubblica;http://www.repubblica.it/solidarieta/immigrazione/2013/08/19/news/chiuso_il_cie_di_crotone_devastato_da_una_rivolta_dopo_la_morte_di_un_immigrato-64989177/?ref=search;Del grande;1626;1;;;Italy;17.12711;39.080793;Apulia & Calbria;
2672;11/08/2013 02:00;2013;A boat runs aground just 15 meters from the shore, in Catania. At the landing, passengers drown 6 (Aug 11, 2013);catania;Repubblica;http://ricerca.repubblica.it/repubblica/archivio/repubblica/2013/08/11/la-strage-dei-ragazzi-in-fuga-dalla.html?ref=search;Del grande;1627;6;;;Italy;15.082851;37.508039;Central Mediteranean route;Drowned
;10/09/2013 01:00;2013;One Syrian woman died during an eight-day voyage on a boat carrying 354 other refugees. The woman was a nurse in Damascus and her husband gave his permission for the donor use of her liver and kidneys, which saved three Italian patients.;Sicily;Channel Africa;http://www.channelafrica.org/portal/site/ChannelAfrica/menuitem.0440eb803775db47ee41ee41674daeb9/?vgnextoid=66e88101fa101410VgnVCM10000077d4ea9bRCRD&vgnextfmt=default;Puls;;1;Italy;;Italy;14.015356;37.599994;Central Mediteranean route;drowned
;13/09/2013 01:00;2013;Greek authorities locked up a Syrian refugee for weeks as his wife and two children died in a wildfire on an island where a smuggler had left them.;Samos, Greece;Diktyo;http://www.dailystar.com.lb/News/Middle-East/2013/Sep-12/230999-syrian-refugee-detained-in-greece-as-family-burned-rights-group.ashx;Puls;;3;Turkey;Greece;Greece;26.820351;37.743215;Eastern Mediteranean route Sea;burned
;13/09/2013 01:00;2013;A group of about sixty people of different nationalities separated in the area between Ajdabiya and Tobruk before getting lost.;Ajdabiya, Libya;Ansa;http://www.ansa.it/ansamed/en/news/sections/generalnews/2013/10/31/Immigration-10-60-lost-Libyan-desert-found_9549184.html;Puls;;60;Libya;Egypt;Libya;20.225278;30.755556;Central Mediteranean route;exhaustion
2670;17/09/2013 02:00;2013;Shipwreck in the waters of Ceuta, is looking for 12 missing at sea (Sep 17, 2013);ceuta;Diario Sur;http://www.diariosur.es/v/20130917/melilla/buscan-doce-inmigrantes-desaparecidos-20130917.html;Del grande;1629;12;Spain;Morocco;Spain;-5.324636;35.888384;Western Mediteranean route;Drowned
2671;17/09/2013 02:00;2013;Found a few miles from Punta Almina, Ceuta, a small boat capsized in the sea along with the lifeless body of one of his passengers (Sep 17, 2013);punta;Abc;http://www.abc.es/espana/20130916/abci-cadaver-inmigrantes-201309161435.html;Del grande;1628;1;;;Spain;-16.324539;28.569022;Western African route;Drowned
2669;19/09/2013 02:00;2013;The Egyptian coast guard opened fire on a boat load of Syrians traveling to Italy on the route of smuggling. Two dead on board, including a woman. (Sep 19, 2013);egypt;Repubblica;http://www.repubblica.it/solidarieta/2013/09/19/news/egitto_guardia_costiera_spara_su_barca_di_rifugiati_siriani_diretta_verso_l_italia-66861534/;Del grande;1630;2;Italy;Egypt;Egypt;30.802498;26.820553;Eastern Mediteranean route Sea;Shot
2668;30/09/2013 02:00;2013;Landing in Catania, forced to jump into the sea by traffickers, drowning 13 people (Sep 30, 2013);catania;Repubblica;http://palermo.repubblica.it/cronaca/2013/09/30/news/sbarco_tragico_a_ragusa_annegano_tredici_immigrati-67571864/;Del grande;1631;13;;;Italy;15.082851;37.508039;Central Mediteranean route;Drowned
2667;03/10/2013 02:00;2013;Lampedusa, sinking boat after a fire on board, opposite the island of rabbits. According to the story of the 155 survivors, 518 passengers were traveling on the vessel. The budget of the massacre is 363 deaths (Oct 3, 2013);lampedusa;Repubblica;http://palermo.repubblica.it/cronaca/2013/10/03/news/naufraga_barcone_morti_a_lampedusa-67780674/?ref=HREA-1;Del grande;1632;325;;;Italy;12.59292;35.508622;Central Mediteranean route;Drowned
2666;11/10/2013 02:00;2013;Is shipwrecked off the coast of Alexandria, a boat heading in Sicily. Recovered the bodies of 12 victims, 22 passengers still missing (Oct 11, 2013);alexandria;Repubblica;http://www.repubblica.it/solidarieta/emergenza/2013/10/11/news/profughi_dall_egitto-68401013/?ref=HREA-1;Del grande;1633;34;Italy;Egypt;Egypt;29.918739;31.200092;Central Mediteranean route;Drowned
;02/11/2013 00:00;2013;Rescuers have found the decomposed bodies of 87 people stranded in the harsh Niger desert, most of them children and some eaten by jackals.;Algeria;AFP;http://www.nation.com.pk/pakistan-news-newspaper-daily-english-online/international/01-Nov-2013/bodies-of-87-migrants-found-in-niger-desert;Puls;;87;Algeria;Niger;Niger;1.659626;28.033886;Central Mediteranean route;exhaustion
;17/11/2013 00:00;2013;A boat capsized on its way to Greece.;Lefkada;Ekathimerini;http://www.ekathimerini.com/4dcgi/_w_articles_wsite1_1_16/11/2013_528141;Puls;;12;Greece;Turkey;Greece;20.706911;38.833366;Eastern Mediteranean route Sea;drowned
;08/12/2013 00:00;2013;Died after falling from the fourth floor of his residential building during a police operation.;Tangiers;Cameroon Online;http://www.cameroononline.org/2013/12/07/sub-saharan-africans-tangiers-revolt-migrants-death/;Puls;;1;;;Morocco;-5.8;35.766667;;fall
;;;;;;;;;;;;;;;;
;;;;;;;;;;;;;;;;
